Belegnummer;Personennummer;Buchungsdatum;Betrag;Verwendungszweck
14907;10154;19.06.2025;3736,17;Dauerauftrag Januar
10861;10210;05.02.2025;7705,01;Gutschrift Vorgang 8395
12114;10553;09.08.2025;-445,59;Gutschrift Vorgang 3845
12849;10315;09.04.2025;1491,55;Lastschrift DE57999999990000010315
10056;10672;23.10.2025;1529,09;Dauerauftrag Februar
15719;10175;26.12.2025;-1410,40;Beitrag Januar – Kundennummer 10175
15264;10378;01.01.2025;167,06;Gutschrift Vorgang 3602
14970;10434;07.06.2025;8164,24;Lastschrift DE86999999990000010434
11036;10805;25.11.2025;4673,68;Dauerauftrag Juli
12590;10189;23.12.2025;2607,27;Überweisung an Monika Mühlbauer
10119;10693;16.09.2025;4023,42;Beitrag Mai – Kundennummer 10693
11995;10385;31.12.2025;4492,11;Beitrag August – Kundennummer 10385
10826;10021;12.06.2025;6965,75;Rechnung 2024-5758, Rückfragen unter (050) 8781818
11638;10798;18.06.2025;3498,35;Rechnung 2024-0043, Rückfragen unter +49 72 40983425
13437;10462;30.01.2025;7605,82;"Miete April; Konto DE24999999990000010462"
12660;10245;12.07.2025;6204,26;Beitrag September – Kundennummer 10245
10805;10406;10.05.2025;6252,57;"Miete August; Konto DE58999999990000010406"
15621;10385;08.09.2025;3772,08;"Miete März; Konto DE37999999990000010385"
12401;10658;02.10.2025;8265,01;"Miete September; Konto DE40999999990000010658"
14690;10105;28.12.2025;-845,53;Lastschrift DE27999999990000010105
12884;10679;11.12.2025;4201,47;Rückzahlung an anja.steinkamp@beispiel-firma.de
14760;10154;14.02.2025;6775,90;Rechnung 2024-3552, Rückfragen unter 0768/847736-82
13626;10504;24.04.2025;6002,06;Beitrag August – Kundennummer 10504
14704;10742;11.07.2025;6202,04;Beitrag April – Kundennummer 10742
13136;10623;24.01.2025;3422,18;Überweisung an Nadine Wachsmuth
15180;10364;14.06.2025;8529,19;Dauerauftrag Mai
11393;10357;25.09.2025;1947,81;Überweisung an Nadine Grünwald
10910;10105;23.05.2025;3061,01;Gutschrift Vorgang 4551
12765;10805;21.11.2025;5849,06;Rechnung 2024-6416, Rückfragen unter (050) 3975423
10315;10147;07.08.2025;-1584,52;Beitrag Oktober – Kundennummer 10147
13353;10238;07.03.2025;-2779,96;"Miete Juli; Konto DE70999999990000010238"
13556;10252;13.03.2025;735,71;"Miete Dezember; Konto DE84999999990000010252"
12674;10098;14.04.2025;1737,87;Gutschrift Vorgang 7656
11512;10091;15.12.2025;2458,38;"Miete Oktober; Konto DE13999999990000010091"
12226;10609;08.04.2025;-652,14;Rückzahlung an elke.vollmering@beispiel-firma.de
11183;10217;09.12.2025;7060,73;"Miete Juni; Konto DE49999999990000010217"
12352;10595;20.01.2025;172,98;Rückzahlung an franziska.uhlenbrock@beispiel-firma.de
11533;10259;28.11.2025;4886,83;Rechnung 2024-6173, Rückfragen unter (068) 4447597
15537;10812;15.09.2025;-2108,92;Gutschrift Vorgang 9535
13367;10434;09.04.2025;-1366,79;Gutschrift Vorgang 5126
10987;10756;16.04.2025;18,19;Rechnung 2024-2949, Rückfragen unter 0417/282553-17
14263;10070;29.03.2025;4085,56;"Miete August; Konto DE82999999990000010070"
13451;10651;18.03.2025;3698,41;Rechnung 2024-4619, Rückfragen unter +49 35 80365538
11708;10714;09.12.2025;2446,01;Rechnung 2024-0135, Rückfragen unter (065) 6768387
13829;10427;11.07.2025;-884,24;Beitrag September – Kundennummer 10427
14410;10686;01.09.2025;-477,04;Rechnung 2024-8215, Rückfragen unter +49 32 75316739
13430;10581;13.10.2025;1601,91;Dauerauftrag September
10672;10574;28.08.2025;5401,39;Gutschrift Vorgang 9192
13535;10343;19.03.2025;6226,01;Überweisung an Gisela Pflüger
13801;10336;17.09.2025;2662,52;Rückzahlung an ingo.zangerle@beispiel-firma.de
10406;10462;12.12.2025;921,00;Überweisung an Olaf Baumgartner
12023;10721;10.04.2025;8216,77;"Miete September; Konto DE13999999990000010721"
11148;10322;04.05.2025;713,84;Rückzahlung an norbert.hasselbach@beispiel-firma.de
13283;10483;21.03.2025;5961,30;Beitrag November – Kundennummer 10483
14053;10679;12.09.2025;8953,13;Beitrag Februar – Kundennummer 10679
14466;10497;25.11.2025;3828,46;Rechnung 2024-4299, Rückfragen unter +49 60 82966050
14515;10518;07.03.2025;3892,31;Dauerauftrag Oktober
10294;10462;30.01.2025;4449,00;Beitrag März – Kundennummer 10462
15803;10497;18.04.2025;2964,36;Dauerauftrag Juli
10175;10511;25.02.2025;5098,31;"Miete Dezember; Konto DE73999999990000010511"
13892;10133;21.05.2025;8990,62;Beitrag Juli – Kundennummer 10133
10707;10392;10.05.2025;1827,98;Lastschrift DE44999999990000010392
14011;10287;20.06.2025;1478,55;Gutschrift Vorgang 0462
10217;10189;23.06.2025;3584,64;"Miete April; Konto DE21999999990000010189"
15586;10329;02.02.2025;219,43;Dauerauftrag Juli
15425;10000;19.08.2025;-1809,25;"Miete März; Konto DE12999999990000010000"
12632;10735;26.08.2025;6369,24;Überweisung an Doris Mühlbauer
11022;10427;01.07.2025;1890,33;Rechnung 2024-4915, Rückfragen unter 0695/827991-18
11288;10574;22.07.2025;1672,22;Gutschrift Vorgang 2144
12709;10196;25.02.2025;4850,40;Beitrag November – Kundennummer 10196
14683;10560;07.10.2025;5801,66;Rückzahlung an olaf.jahnke@beispiel-firma.de
14165;10539;23.08.2025;-2239,46;Rückzahlung an elke.achterberg@beispiel-firma.de
13304;10392;29.09.2025;48,18;Rückzahlung an gerd.hasselbach@beispiel-firma.de
13269;10084;31.12.2025;1725,59;Dauerauftrag Dezember
14389;10406;20.07.2025;4771,37;Beitrag Februar – Kundennummer 10406
12275;10511;16.04.2025;-2614,07;Lastschrift DE73999999990000010511
14676;10287;04.11.2025;-2865,16;"Miete Dezember; Konto DE29999999990000010287"
14795;10812;04.04.2025;-1818,61;Rechnung 2024-6655, Rückfragen unter 0668/474264-40
14487;10098;30.05.2025;-483,73;Überweisung an Gerd Hasselbach
14725;10210;20.03.2025;3854,33;Gutschrift Vorgang 6400
10028;10224;14.05.2025;-58,26;Überweisung an Peter Cordes
14221;10315;30.08.2025;-1505,83;Überweisung an Heike Kettenbach
12261;10091;02.02.2025;-1756,40;Gutschrift Vorgang 1236
15299;10504;25.05.2025;-2828,31;Dauerauftrag September
10392;10763;15.08.2025;589,09;Überweisung an Doris Wachsmuth
14669;10546;09.08.2025;7446,80;Rückzahlung an frank.obermeier@beispiel-firma.de
12793;10210;30.12.2025;8193,64;Rückzahlung an andreas.illigen@beispiel-firma.de
11001;10805;28.10.2025;5531,83;Rückzahlung an heike.kettenbach@beispiel-firma.de
13395;10770;21.09.2025;-1084,67;Beitrag Juli – Kundennummer 10770
10371;10091;08.02.2025;7817,86;Gutschrift Vorgang 8463
12100;10287;17.12.2025;1632,04;Gutschrift Vorgang 1835
15635;10042;03.07.2025;5586,03;Rechnung 2024-2524, Rückfragen unter (059) 3776611
12247;10329;01.10.2025;8097,51;"Miete August; Konto DE71999999990000010329"
12198;10287;14.04.2025;4557,75;Überweisung an Gisela Steinkamp
14396;10546;07.02.2025;-2028,60;Gutschrift Vorgang 5515
11799;10168;19.08.2025;-1739,63;Gutschrift Vorgang 9979
10896;10504;22.09.2025;7331,53;Beitrag März – Kundennummer 10504
11771;10028;15.04.2025;1312,29;Gutschrift Vorgang 4656
13206;10791;30.03.2025;1552,52;Dauerauftrag August
12982;10028;30.06.2025;6129,49;Gutschrift Vorgang 8022
15215;10119;05.09.2025;723,86;Überweisung an Monika Fassbender
14613;10364;03.10.2025;-690,59;Gutschrift Vorgang 0737
10854;10630;21.04.2025;3259,54;"Miete Juni; Konto DE12999999990000010630"
14235;10035;06.01.2025;4083,27;Beitrag Januar – Kundennummer 10035
13269;10553;23.05.2025;6962,45;Rückzahlung an gisela.thelen@beispiel-firma.de
15327;10007;23.08.2025;-2082,42;Dauerauftrag Dezember
11379;10371;31.07.2025;4435,93;Beitrag Oktober – Kundennummer 10371
13675;10777;23.07.2025;1653,20;Überweisung an Petra Uhlenbrock
14872;10714;03.08.2025;383,56;Gutschrift Vorgang 0499
15306;10756;15.02.2025;-1119,64;Rechnung 2024-6357, Rückfragen unter 0417/282553-17
11533;10700;19.02.2025;917,56;Überweisung an Holger Baumgartner
13290;10763;13.01.2025;-1599,48;Beitrag Januar – Kundennummer 10763
10420;10378;06.03.2025;-1719,25;Rückzahlung an frank.vollmering@beispiel-firma.de
13500;10693;05.10.2025;2695,39;Lastschrift DE75999999990000010693
11680;10595;11.03.2025;1165,27;Lastschrift DE67999999990000010595
12415;10567;31.10.2025;725,67;Dauerauftrag Juni
13626;10077;14.04.2025;2392,13;Lastschrift DE89999999990000010077
15530;10427;30.07.2025;8881,46;"Miete April; Konto DE79999999990000010427"
13822;10406;25.12.2025;234,84;Rechnung 2024-3150, Rückfragen unter +49 83 16172945
10455;10700;21.09.2025;6406,74;Gutschrift Vorgang 3407
13752;10574;19.05.2025;-2892,33;Rückzahlung an elias.quandtner@beispiel-firma.de
11911;10245;10.05.2025;614,46;Dauerauftrag April
15292;10042;13.07.2025;3739,08;Gutschrift Vorgang 5831
13409;10441;25.12.2025;2144,19;Überweisung an Elke Niederegger
14655;10427;04.12.2025;7526,88;Lastschrift DE79999999990000010427
15229;10707;12.10.2025;1195,30;"Miete Oktober; Konto DE89999999990000010707"
13577;10364;20.08.2025;2080,75;"Miete April; Konto DE16999999990000010364"
15586;10098;12.07.2025;863,43;Dauerauftrag August
11169;10427;04.08.2025;-676,00;Rechnung 2024-4624, Rückfragen unter 0695/827991-18
12128;10224;22.05.2025;-985,25;Überweisung an Peter Cordes
11848;10399;16.11.2025;8534,87;Beitrag Februar – Kundennummer 10399
14816;10385;28.01.2025;-1588,82;Rückzahlung an claudia.illigen@beispiel-firma.de
14361;10357;04.01.2025;3574,29;"Miete Mai; Konto DE09999999990000010357"
11344;10742;02.06.2025;6349,55;"Miete Juni; Konto DE34999999990000010742"
10105;10735;11.01.2025;8829,83;Rechnung 2024-4414, Rückfragen unter (054) 1742109
15222;10413;27.11.2025;2749,35;Rückzahlung an nadine.thelen@beispiel-firma.de
10602;10483;04.09.2025;1454,20;Lastschrift DE45999999990000010483
11813;10119;27.06.2025;-1736,17;Überweisung an Monika Fassbender
11736;10728;29.09.2025;-174,35;Gutschrift Vorgang 4400
15145;10294;19.10.2025;8979,31;Überweisung an Gerd Cordes
15621;10476;15.04.2025;7699,74;Rückzahlung an norbert.zangerle@beispiel-firma.de
10434;10091;22.06.2025;1853,43;Beitrag Februar – Kundennummer 10091
13815;10126;12.07.2025;1547,58;Überweisung an Norbert Hasselbach
10357;10756;19.12.2025;8942,66;Überweisung an Andreas Niederegger
12849;10469;11.10.2025;-421,79;Rechnung 2024-1969, Rückfragen unter +49 57 70945276
12590;10518;25.04.2025;2381,42;Überweisung an Olaf Cordes
15558;10168;18.06.2025;3080,05;Überweisung an Ingo Thelen
15824;10805;16.09.2025;7638,11;Lastschrift DE07999999990000010805
11141;10560;19.10.2025;5680,85;Überweisung an Olaf Jahnke
13227;10735;18.01.2025;8718,11;Rückzahlung an doris.muehlbauer@beispiel-firma.de
14676;10413;14.03.2025;4957,52;"Miete August; Konto DE65999999990000010413"
12604;10469;19.12.2025;7976,95;Beitrag Januar – Kundennummer 10469
13479;10420;09.02.2025;5717,47;Rechnung 2024-4574, Rückfragen unter +49 44 36678287
12961;10126;11.08.2025;8865,15;Gutschrift Vorgang 2707
10994;10728;13.10.2025;3698,37;Gutschrift Vorgang 2191
15796;10833;15.08.2025;6129,37;Beitrag August – Kundennummer 10833
15411;10266;16.05.2025;357,38;Überweisung an Christoph Thelen
14347;10707;12.05.2025;3094,87;Rechnung 2024-0702, Rückfragen unter 0645/412609-63
13997;10042;26.06.2025;3174,60;Rechnung 2024-0614, Rückfragen unter (059) 3776611
14529;10161;06.12.2025;8819,72;Beitrag Juli – Kundennummer 10161
14725;10805;02.09.2025;-605,10;Gutschrift Vorgang 2013
12275;10301;03.05.2025;-474,28;Beitrag September – Kundennummer 10301
14704;10483;18.04.2025;7788,75;Rechnung 2024-7530, Rückfragen unter (082) 7679918
14368;10329;26.04.2025;1130,10;Beitrag Januar – Kundennummer 10329
12331;10441;18.09.2025;-1346,17;Lastschrift DE03999999990000010441
12373;10483;08.01.2025;-2479,50;Dauerauftrag September
12912;10581;22.03.2025;-1856,74;Rückzahlung an jutta.quandtner@beispiel-firma.de
10497;10385;04.08.2025;5196,20;Gutschrift Vorgang 3850
10777;10805;24.08.2025;-1287,33;Beitrag Januar – Kundennummer 10805
11351;10399;10.02.2025;6337,99;Überweisung an Elke Hasselbach
12457;10630;01.02.2025;5162,63;Rechnung 2024-3010, Rückfragen unter +49 33 22762164
15376;10287;08.05.2025;-1110,52;Überweisung an Gisela Steinkamp
15124;10616;10.04.2025;5012,41;"Miete Juni; Konto DE88999999990000010616"
14060;10602;10.07.2025;6282,78;Dauerauftrag April
14830;10595;28.09.2025;385,90;Beitrag Oktober – Kundennummer 10595
13647;10063;10.03.2025;-334,69;Rechnung 2024-4759, Rückfragen unter (054) 3316722
11183;10119;15.04.2025;6626,72;Dauerauftrag August
11183;10672;11.02.2025;8279,79;Überweisung an Frank Niederegger
13066;10238;29.04.2025;2156,70;Rückzahlung an holger.baumgartner@beispiel-firma.de
15159;10623;19.05.2025;8672,12;Rechnung 2024-9692, Rückfragen unter 0411/133128-78
12975;10266;07.04.2025;3925,82;Rückzahlung an christoph.thelen@beispiel-firma.de
14165;10126;31.05.2025;-2143,47;"Miete September; Konto DE48999999990000010126"
12779;10686;16.12.2025;6701,48;Überweisung an Bernd Reinsberg
14599;10084;12.07.2025;2147,66;Gutschrift Vorgang 4745
11596;10462;26.12.2025;1873,31;Gutschrift Vorgang 3319
10861;10007;11.10.2025;5700,51;Rechnung 2024-6285, Rückfragen unter 0702/817879-16
12975;10154;20.01.2025;-1648,68;"Miete Juli; Konto DE76999999990000010154"
10161;10406;05.02.2025;-697,06;Gutschrift Vorgang 2213
10826;10455;13.07.2025;4038,16;Lastschrift DE17999999990000010455
11302;10497;12.03.2025;5285,03;Rückzahlung an elke.lindhorst@beispiel-firma.de
11848;10196;14.12.2025;-596,47;Gutschrift Vorgang 4158
14550;10105;06.10.2025;3089,75;Rückzahlung an lena.kettenbach@beispiel-firma.de
12128;10595;13.03.2025;8162,65;Rechnung 2024-4436, Rückfragen unter (045) 2905539
10672;10812;23.04.2025;5555,24;Lastschrift DE14999999990000010812
14060;10203;03.12.2025;2815,66;Lastschrift DE35999999990000010203
13955;10196;15.06.2025;3918,62;Überweisung an Gerd Reinsberg
15159;10294;13.05.2025;1522,60;Lastschrift DE36999999990000010294
14333;10308;27.06.2025;3034,95;Beitrag September – Kundennummer 10308
14956;10287;03.01.2025;-1514,21;Rückzahlung an gisela.steinkamp@beispiel-firma.de
14025;10070;10.04.2025;-1666,69;Überweisung an Martin Baumgartner
10805;10714;05.06.2025;6719,81;Lastschrift DE06999999990000010714
12744;10644;02.01.2025;1327,31;"Miete Dezember; Konto DE26999999990000010644"
12485;10315;23.01.2025;4981,39;Rückzahlung an heike.kettenbach@beispiel-firma.de
13528;10308;18.08.2025;764,67;"Miete Oktober; Konto DE50999999990000010308"
10406;10182;04.08.2025;4362,90;Lastschrift DE14999999990000010182
11491;10105;02.06.2025;6231,04;"Miete März; Konto DE27999999990000010105"
11995;10819;04.11.2025;5760,58;Lastschrift DE21999999990000010819
10483;10553;01.09.2025;6807,53;"Miete Mai; Konto DE25999999990000010553"
12121;10406;18.03.2025;7575,93;Lastschrift DE58999999990000010406
12338;10413;19.10.2025;7872,76;Rückzahlung an nadine.thelen@beispiel-firma.de
14067;10756;23.06.2025;4202,23;"Miete Juni; Konto DE48999999990000010756"
10385;10490;25.04.2025;6513,97;"Miete Juni; Konto DE52999999990000010490"
10868;10238;07.01.2025;5035,02;Überweisung an Holger Baumgartner
15068;10462;04.02.2025;1837,85;"Miete Februar; Konto DE24999999990000010462"
14158;10154;15.12.2025;8970,26;Rechnung 2024-8264, Rückfragen unter 0768/847736-82
10343;10357;12.08.2025;4792,91;Überweisung an Nadine Grünwald
11603;10112;15.09.2025;-139,77;Dauerauftrag Juni
13213;10399;13.05.2025;5997,73;Rechnung 2024-4993, Rückfragen unter 0232/307194-20
10826;10357;06.07.2025;-1028,57;Dauerauftrag Juni
11834;10322;07.07.2025;7926,39;"Miete Dezember; Konto DE64999999990000010322"
12954;10434;23.05.2025;6042,24;Rückzahlung an peter.dettmer@beispiel-firma.de
12324;10777;17.08.2025;7532,15;Dauerauftrag Januar
15005;10399;15.08.2025;1580,61;Rückzahlung an elke.hasselbach@beispiel-firma.de
10084;10000;17.07.2025;500,01;"Miete August; Konto DE12999999990000010000"
13045;10679;10.11.2025;3219,74;"Miete Dezember; Konto DE61999999990000010679"
15404;10105;27.10.2025;6299,65;Lastschrift DE27999999990000010105
15026;10658;10.05.2025;5061,35;"Miete September; Konto DE40999999990000010658"
13661;10623;31.03.2025;3815,85;Lastschrift DE05999999990000010623
11638;10189;30.05.2025;2916,27;"Miete September; Konto DE21999999990000010189"
15565;10091;10.06.2025;3726,48;Dauerauftrag April
12737;10322;03.07.2025;-1101,24;Rückzahlung an norbert.hasselbach@beispiel-firma.de
15523;10322;03.01.2025;8330,30;"Miete Juni; Konto DE64999999990000010322"
13738;10574;21.12.2025;2871,31;Beitrag Januar – Kundennummer 10574
13381;10833;01.12.2025;-520,25;"Miete November; Konto DE35999999990000010833"
10434;10084;14.03.2025;4577,31;Beitrag August – Kundennummer 10084
11687;10098;19.08.2025;1777,71;Überweisung an Gerd Hasselbach
12583;10770;21.05.2025;2034,11;Überweisung an Gerd Reinsberg
14095;10378;02.12.2025;8990,78;Beitrag November – Kundennummer 10378
13234;10560;29.05.2025;2359,16;Rückzahlung an olaf.jahnke@beispiel-firma.de
14242;10308;27.05.2025;1574,77;Überweisung an Olaf Zangerle
11834;10546;28.08.2025;-2825,30;Dauerauftrag Januar
13073;10504;31.01.2025;861,57;"Miete Dezember; Konto DE66999999990000010504"
14284;10511;17.03.2025;-254,78;Überweisung an Franziska Zangerle
13885;10035;27.06.2025;-980,96;Lastschrift DE47999999990000010035
14767;10329;18.02.2025;-853,75;Rechnung 2024-6001, Rückfragen unter 0235/340848-76
12856;10763;13.04.2025;6742,50;Überweisung an Doris Wachsmuth
10147;10504;24.06.2025;4628,05;Dauerauftrag Juni
12674;10434;03.03.2025;5525,65;Rechnung 2024-4475, Rückfragen unter (050) 1129617
11162;10595;21.10.2025;-607,32;Beitrag September – Kundennummer 10595
11757;10070;07.10.2025;5130,92;Überweisung an Martin Baumgartner
13192;10490;23.10.2025;7429,39;Gutschrift Vorgang 7900
12667;10644;30.07.2025;4437,97;Beitrag Mai – Kundennummer 10644
12555;10140;27.08.2025;-1289,11;Rückzahlung an dieter.fassbender@beispiel-firma.de
10707;10336;19.03.2025;8708,16;Lastschrift DE78999999990000010336
13178;10238;12.05.2025;5063,04;Überweisung an Holger Baumgartner
11890;10007;20.12.2025;6142,36;"Miete Juni; Konto DE19999999990000010007"
13227;10133;05.04.2025;5891,76;Lastschrift DE55999999990000010133
15467;10238;26.12.2025;-1885,30;Rechnung 2024-6377, Rückfragen unter +49 47 44226885
12618;10609;19.03.2025;-1734,97;Beitrag März – Kundennummer 10609
14018;10700;06.04.2025;4737,53;Rückzahlung an holger.baumgartner@beispiel-firma.de
11974;10161;19.09.2025;4153,78;Dauerauftrag Mai
15341;10273;24.04.2025;2701,43;Überweisung an Jutta Steinkamp
14802;10658;22.10.2025;8681,19;Überweisung an Dieter Mühlbauer
13416;10266;26.02.2025;628,15;Gutschrift Vorgang 1390
12842;10357;07.10.2025;6151,57;Rückzahlung an nadine.gruenwald@beispiel-firma.de
13479;10007;17.08.2025;8470,65;Gutschrift Vorgang 5988
13766;10476;26.10.2025;-1997,29;"Miete Juli; Konto DE38999999990000010476"
15418;10238;12.06.2025;-2470,54;Dauerauftrag Juli
13927;10756;30.10.2025;-392,93;Lastschrift DE48999999990000010756
14557;10574;17.08.2025;3365,46;Dauerauftrag Juni
11421;10273;22.09.2025;1206,66;Beitrag November – Kundennummer 10273
10924;10483;15.05.2025;-345,93;Überweisung an Petra Lindhorst
12310;10077;16.01.2025;6664,60;"Miete Januar; Konto DE89999999990000010077"
10623;10665;02.05.2025;7975,12;Lastschrift DE47999999990000010665
15537;10805;09.05.2025;-141,65;Lastschrift DE07999999990000010805
13822;10490;24.06.2025;-87,82;"Miete Februar; Konto DE52999999990000010490"
14515;10133;25.12.2025;-835,37;Rückzahlung an gisela.vollmering@beispiel-firma.de
12856;10161;09.01.2025;5838,65;Gutschrift Vorgang 1596
10021;10273;17.03.2025;719,69;Lastschrift DE15999999990000010273
13311;10427;05.01.2025;-2341,69;Rechnung 2024-3236, Rückfragen unter 0695/827991-18
13220;10553;18.05.2025;7303,99;Dauerauftrag September
15712;10623;21.03.2025;7926,21;"Miete April; Konto DE05999999990000010623"
15446;10399;13.12.2025;5536,36;Rechnung 2024-1049, Rückfragen unter 0232/307194-20
11722;10791;11.07.2025;2169,08;Überweisung an Anja Reinsberg
13927;10833;22.11.2025;95,39;Dauerauftrag August
14578;10042;01.10.2025;-319,58;Gutschrift Vorgang 4192
12415;10077;20.09.2025;6725,42;Gutschrift Vorgang 0255
15530;10595;05.09.2025;-838,33;Beitrag April – Kundennummer 10595
14788;10434;17.03.2025;6785,08;Rückzahlung an peter.dettmer@beispiel-firma.de
12149;10371;10.06.2025;3623,50;Lastschrift DE23999999990000010371
11764;10210;31.10.2025;4583,83;Dauerauftrag September
14543;10511;24.07.2025;661,69;Lastschrift DE73999999990000010511
12590;10084;25.11.2025;-199,44;Beitrag Januar – Kundennummer 10084
12478;10168;27.10.2025;842,61;Beitrag Februar – Kundennummer 10168
12639;10217;02.09.2025;-1064,09;Überweisung an Irene Kettenbach
14144;10672;26.01.2025;2804,95;Rückzahlung an frank.niederegger@beispiel-firma.de
13920;10595;10.02.2025;6712,31;Gutschrift Vorgang 1729
11883;10532;13.09.2025;-485,51;Gutschrift Vorgang 1596
14305;10182;26.06.2025;2216,54;Dauerauftrag Januar
13913;10756;14.12.2025;5198,25;Rechnung 2024-3955, Rückfragen unter 0417/282553-17
14067;10504;24.04.2025;8261,66;Dauerauftrag Januar
12408;10658;18.03.2025;-910,44;Beitrag Dezember – Kundennummer 10658
10714;10490;19.05.2025;7913,18;Lastschrift DE52999999990000010490
11022;10273;27.10.2025;8690,07;"Miete Januar; Konto DE15999999990000010273"
10350;10560;15.09.2025;-1993,07;Überweisung an Olaf Jahnke
10532;10126;09.03.2025;-1625,34;"Miete Juni; Konto DE48999999990000010126"
14893;10672;30.05.2025;8961,27;Lastschrift DE54999999990000010672
15166;10679;13.03.2025;1447,35;Lastschrift DE61999999990000010679
12919;10196;25.05.2025;1148,89;Rechnung 2024-0657, Rückfragen unter +49 68 77363452
14466;10448;31.10.2025;7912,76;Lastschrift DE10999999990000010448
13990;10532;18.11.2025;5849,20;Beitrag April – Kundennummer 10532
14417;10280;10.07.2025;2400,08;Gutschrift Vorgang 9600
15005;10385;16.09.2025;-1374,55;Rückzahlung an claudia.illigen@beispiel-firma.de
14186;10714;29.06.2025;-273,32;Überweisung an Dieter Fassbender
10693;10245;25.03.2025;3534,21;Überweisung an Gisela Niederegger
11834;10595;26.06.2025;4083,04;Rechnung 2024-7717, Rückfragen unter (045) 2905539
15271;10112;16.10.2025;1210,82;Rückzahlung an peter.quandtner@beispiel-firma.de
10679;10728;05.12.2025;5502,96;Dauerauftrag November
15712;10532;29.09.2025;1303,97;Rechnung 2024-5371, Rückfragen unter +49 54 89223948
14942;10140;26.05.2025;6385,77;Dauerauftrag Februar
12681;10707;17.05.2025;3447,41;Dauerauftrag November
15397;10385;12.04.2025;4992,24;Rechnung 2024-0521, Rückfragen unter 0439/539874-29
14522;10147;27.10.2025;4022,83;Rückzahlung an renate.achterberg@beispiel-firma.de
11190;10497;27.08.2025;620,29;Gutschrift Vorgang 8992
12856;10805;14.10.2025;5439,80;"Miete März; Konto DE07999999990000010805"
11848;10609;16.07.2025;3347,84;Beitrag Juli – Kundennummer 10609
15467;10119;24.09.2025;4476,77;Gutschrift Vorgang 5465
10028;10616;27.11.2025;666,86;Dauerauftrag Mai
13738;10756;03.09.2025;7096,62;Beitrag Februar – Kundennummer 10756
13269;10637;27.09.2025;8932,69;"Miete September; Konto DE19999999990000010637"
13759;10210;18.08.2025;2131,89;Rechnung 2024-4196, Rückfragen unter +49 71 99059829
12807;10483;22.07.2025;7877,11;Rechnung 2024-6103, Rückfragen unter (082) 7679918
13661;10266;01.10.2025;-1678,16;Dauerauftrag Juli
12856;10546;18.10.2025;-488,15;Überweisung an Frank Obermeier
14865;10469;09.05.2025;2151,30;Überweisung an Birgit Steinkamp
11617;10539;20.05.2025;792,29;Dauerauftrag März
12730;10266;22.12.2025;4928,42;Beitrag Juni – Kundennummer 10266
12324;10490;04.10.2025;2073,01;Beitrag Mai – Kundennummer 10490
12485;10406;01.01.2025;5760,01;Beitrag November – Kundennummer 10406
11351;10616;07.01.2025;2795,01;Beitrag September – Kundennummer 10616
15684;10259;28.03.2025;-1788,62;Überweisung an Lena Obermeier
14641;10084;27.01.2025;513,90;Lastschrift DE06999999990000010084
13892;10392;09.03.2025;3103,84;Lastschrift DE44999999990000010392
13402;10007;06.12.2025;8113,34;Lastschrift DE19999999990000010007
13458;10385;30.08.2025;-887,84;Gutschrift Vorgang 6403
14753;10644;30.06.2025;6823,23;Lastschrift DE26999999990000010644
11148;10665;08.01.2025;891,42;Überweisung an Jutta Baumgartner
14466;10084;23.05.2025;2124,57;"Miete Juni; Konto DE06999999990000010084"
11722;10560;05.07.2025;6358,54;Rückzahlung an olaf.jahnke@beispiel-firma.de
10798;10049;14.11.2025;4120,76;Lastschrift DE61999999990000010049
14676;10735;24.06.2025;-465,48;Lastschrift DE27999999990000010735
13458;10280;24.06.2025;-133,84;Überweisung an Peter Pflüger
12933;10294;23.06.2025;-2844,25;Dauerauftrag August
13444;10518;04.05.2025;5593,75;Lastschrift DE80999999990000010518
12548;10210;05.11.2025;-1226,51;Rückzahlung an andreas.illigen@beispiel-firma.de
11176;10084;09.10.2025;-286,50;Überweisung an Christoph Wachsmuth
15411;10196;27.02.2025;1482,80;Überweisung an Gerd Reinsberg
14536;10357;27.08.2025;843,35;"Miete Oktober; Konto DE09999999990000010357"
13619;10567;08.07.2025;1724,96;Rückzahlung an irene.zangerle@beispiel-firma.de
10637;10133;05.05.2025;-1747,62;Lastschrift DE55999999990000010133
13759;10553;16.07.2025;6221,27;Überweisung an Gisela Thelen
14242;10630;20.10.2025;4815,04;Gutschrift Vorgang 4059
12100;10770;22.05.2025;1311,20;Rechnung 2024-1776, Rückfragen unter +49 45 67080005
11043;10658;15.05.2025;2225,42;Dauerauftrag Dezember
10455;10707;23.12.2025;918,11;"Miete November; Konto DE89999999990000010707"
13430;10427;25.09.2025;633,21;Gutschrift Vorgang 8679
11477;10644;02.06.2025;2099,09;Überweisung an Olaf Kettenbach
15649;10308;14.06.2025;4485,77;Beitrag Juni – Kundennummer 10308
10336;10329;06.09.2025;-1168,26;Dauerauftrag Juni
14557;10378;21.01.2025;-606,38;"Miete August; Konto DE30999999990000010378"
10735;10252;05.10.2025;-2388,82;Dauerauftrag Mai
12590;10770;09.04.2025;8980,77;Lastschrift DE62999999990000010770
13080;10826;12.01.2025;3086,24;"Miete März; Konto DE28999999990000010826"
15544;10329;30.03.2025;3350,09;Überweisung an Nadine Uhlenbrock
15222;10217;27.01.2025;3749,03;"Miete Juli; Konto DE49999999990000010217"
14732;10280;25.05.2025;3515,32;Überweisung an Peter Pflüger
11435;10469;21.12.2025;5523,95;Gutschrift Vorgang 2216
15579;10315;10.10.2025;8542,25;Überweisung an Heike Kettenbach
10637;10021;30.07.2025;3530,19;"Miete Februar; Konto DE33999999990000010021"
13479;10413;16.06.2025;5649,60;"Miete April; Konto DE65999999990000010413"
13374;10469;06.01.2025;8730,88;Gutschrift Vorgang 8191
11848;10189;02.09.2025;2934,06;Beitrag Januar – Kundennummer 10189
15628;10294;13.07.2025;4024,57;"Miete Juli; Konto DE36999999990000010294"
14130;10658;24.03.2025;5770,56;Dauerauftrag Dezember
15677;10770;27.01.2025;5329,80;Lastschrift DE62999999990000010770
13360;10091;18.12.2025;-1120,61;Gutschrift Vorgang 6138
12037;10112;27.11.2025;500,13;Rechnung 2024-3731, Rückfragen unter (057) 9540253
10140;10707;27.02.2025;3494,84;Beitrag Juli – Kundennummer 10707
14606;10231;22.07.2025;-836,16;Dauerauftrag April
11071;10112;03.11.2025;5026,31;Rückzahlung an peter.quandtner@beispiel-firma.de
10455;10826;16.10.2025;3174,52;Rückzahlung an bernd.pflueger@beispiel-firma.de
15138;10770;03.08.2025;4702,47;Rückzahlung an gerd.reinsberg@beispiel-firma.de
14956;10462;12.01.2025;-2926,07;Überweisung an Olaf Baumgartner
14431;10539;14.02.2025;3632,15;Überweisung an Elke Achterberg
13654;10770;17.11.2025;5386,45;Rechnung 2024-5873, Rückfragen unter +49 45 67080005
12149;10238;29.08.2025;3272,92;Überweisung an Holger Baumgartner
10672;10203;01.11.2025;1962,76;Rechnung 2024-9668, Rückfragen unter +49 49 45176517
10910;10420;27.09.2025;4977,00;Rückzahlung an gerd.thelen@beispiel-firma.de
12639;10455;24.12.2025;2119,18;Rückzahlung an renate.zangerle@beispiel-firma.de
10490;10336;12.12.2025;-1162,88;Gutschrift Vorgang 3654
14361;10462;29.11.2025;1514,90;Gutschrift Vorgang 1718
12163;10000;15.10.2025;5341,07;Überweisung an Dieter Grünwald
14473;10413;30.11.2025;808,92;"Miete September; Konto DE65999999990000010413"
13731;10259;26.04.2025;8869,11;Lastschrift DE91999999990000010259
13024;10665;18.11.2025;3006,99;Dauerauftrag Dezember
15159;10651;05.11.2025;5850,72;Überweisung an Claudia Jahnke
10147;10770;04.04.2025;6556,37;Lastschrift DE62999999990000010770
13885;10623;05.05.2025;4317,73;Lastschrift DE05999999990000010623
11211;10560;16.05.2025;6259,31;Überweisung an Olaf Jahnke
12954;10511;02.05.2025;884,24;Beitrag Februar – Kundennummer 10511
14221;10406;24.12.2025;-1150,65;"Miete Oktober; Konto DE58999999990000010406"
12947;10140;13.01.2025;941,53;Dauerauftrag Juni
13206;10196;02.02.2025;-730,72;Dauerauftrag Juni
15810;10434;03.01.2025;-2543,93;"Miete Februar; Konto DE86999999990000010434"
11631;10651;07.08.2025;2509,40;Rückzahlung an claudia.jahnke@beispiel-firma.de
10140;10175;15.05.2025;3651,88;Rückzahlung an franziska.fassbender@beispiel-firma.de
13227;10539;02.04.2025;6885,50;Rückzahlung an elke.achterberg@beispiel-firma.de
12555;10700;25.01.2025;7942,80;Dauerauftrag Mai
12373;10385;03.05.2025;664,78;Rechnung 2024-8577, Rückfragen unter 0439/539874-29
11918;10812;12.05.2025;619,21;Lastschrift DE14999999990000010812
13598;10651;02.01.2025;3557,80;Gutschrift Vorgang 4986
13416;10105;17.12.2025;-394,72;Rechnung 2024-0690, Rückfragen unter +49 43 50888355
15593;10077;07.12.2025;6817,58;Lastschrift DE89999999990000010077
12114;10322;10.10.2025;-2599,00;Dauerauftrag August
14368;10336;17.04.2025;7534,54;Rückzahlung an ingo.zangerle@beispiel-firma.de
10490;10133;09.04.2025;3172,98;Rechnung 2024-6245, Rückfragen unter 0546/905965-34
15054;10756;17.03.2025;4017,09;Gutschrift Vorgang 3586
15481;10406;16.07.2025;-1206,91;Rückzahlung an klaus.thelen@beispiel-firma.de
14417;10147;31.08.2025;5890,38;Lastschrift DE69999999990000010147
10581;10308;28.06.2025;-1516,28;Gutschrift Vorgang 6004
10063;10189;21.05.2025;-2953,48;Dauerauftrag September
12541;10210;26.11.2025;5654,09;Rechnung 2024-7287, Rückfragen unter +49 71 99059829
15019;10609;13.08.2025;8113,81;Rückzahlung an elke.vollmering@beispiel-firma.de
10896;10007;10.08.2025;5737,45;Überweisung an Irene Baumgartner
10063;10392;01.07.2025;404,19;Beitrag Oktober – Kundennummer 10392
12401;10455;08.06.2025;2060,22;"Miete Mai; Konto DE17999999990000010455"
10420;10035;03.08.2025;2077,53;Überweisung an Anja Grünwald
14564;10658;02.05.2025;8490,14;"Miete Oktober; Konto DE40999999990000010658"
14935;10007;24.01.2025;6411,78;Beitrag August – Kundennummer 10007
11491;10714;13.03.2025;-2024,33;Überweisung an Dieter Fassbender
14774;10308;27.12.2025;8469,85;Beitrag Dezember – Kundennummer 10308
11533;10021;03.06.2025;406,34;Rechnung 2024-2353, Rückfragen unter (050) 8781818
10798;10532;06.11.2025;8127,56;"Miete August; Konto DE04999999990000010532"
12821;10084;08.02.2025;-2491,63;Überweisung an Christoph Wachsmuth
11218;10231;12.05.2025;-2151,21;Rückzahlung an franziska.achterberg@beispiel-firma.de
13941;10161;21.09.2025;-2026,41;Beitrag März – Kundennummer 10161
12261;10434;26.04.2025;2644,39;Gutschrift Vorgang 6228
11701;10364;04.09.2025;-451,84;Rechnung 2024-8748, Rückfragen unter +49 37 95474822
14207;10686;02.11.2025;847,07;Überweisung an Bernd Reinsberg
13108;10798;05.10.2025;5486,83;Beitrag Dezember – Kundennummer 10798
13395;10833;10.03.2025;-91,07;Gutschrift Vorgang 0142
13437;10637;16.02.2025;-1410,18;Rückzahlung an irene.hasselbach@beispiel-firma.de
13731;10406;15.03.2025;-209,05;Gutschrift Vorgang 9901
14438;10343;02.04.2025;5477,42;Rechnung 2024-3382, Rückfragen unter (037) 3085170
13430;10357;05.11.2025;-1535,37;Überweisung an Nadine Grünwald
15551;10707;28.11.2025;4392,84;Gutschrift Vorgang 9003
11743;10700;04.10.2025;6737,17;"Miete September; Konto DE82999999990000010700"
11043;10644;18.06.2025;6531,31;Lastschrift DE26999999990000010644
13248;10294;07.04.2025;5187,25;Lastschrift DE36999999990000010294
14515;10175;08.08.2025;-2775,55;Gutschrift Vorgang 3093
12730;10049;22.12.2025;4621,21;Dauerauftrag Oktober
15558;10686;17.06.2025;-918,60;Beitrag Januar – Kundennummer 10686
14361;10189;20.06.2025;7997,33;Rechnung 2024-3774, Rückfragen unter +49 84 74738546
11939;10084;05.12.2025;4875,14;Rückzahlung an christoph.wachsmuth@beispiel-firma.de
15453;10476;18.09.2025;8616,31;Lastschrift DE38999999990000010476
12324;10637;13.06.2025;6970,11;"Miete Juni; Konto DE19999999990000010637"
12807;10462;29.05.2025;6520,72;Gutschrift Vorgang 2302
13920;10553;30.10.2025;7711,23;Lastschrift DE25999999990000010553
14326;10175;07.04.2025;-550,46;Überweisung an Franziska Fassbender
13486;10140;18.02.2025;-2834,87;Beitrag Juni – Kundennummer 10140
14144;10441;19.10.2025;6045,10;"Miete Dezember; Konto DE03999999990000010441"
11820;10798;29.09.2025;4253,15;Gutschrift Vorgang 9829
10777;10077;27.02.2025;3083,54;Überweisung an Renate Thelen
10525;10056;20.10.2025;8545,71;Beitrag Mai – Kundennummer 10056
14795;10735;22.12.2025;-1264,41;Gutschrift Vorgang 2925
12149;10140;28.05.2025;8424,35;Überweisung an Dieter Fassbender
13703;10147;03.11.2025;-2478,48;Rechnung 2024-3301, Rückfragen unter +49 48 7967322
11484;10735;26.12.2025;2346,77;Rückzahlung an doris.muehlbauer@beispiel-firma.de
12289;10252;25.05.2025;4688,19;Gutschrift Vorgang 5858
11302;10455;28.09.2025;3593,63;"Miete Juni; Konto DE17999999990000010455"
14123;10049;04.01.2025;5524,89;Überweisung an Anja Vollmering
11008;10336;03.04.2025;-1012,03;Beitrag November – Kundennummer 10336
12240;10672;22.08.2025;902,35;"Miete Mai; Konto DE54999999990000010672"
14403;10469;28.01.2025;6058,58;Rückzahlung an birgit.steinkamp@beispiel-firma.de
13444;10672;14.01.2025;3614,52;Rechnung 2024-1950, Rückfragen unter +49 63 43283493
14340;10427;07.09.2025;6844,88;Rechnung 2024-9586, Rückfragen unter 0695/827991-18
14277;10007;08.08.2025;512,31;Rückzahlung an irene.baumgartner@beispiel-firma.de
15012;10525;30.06.2025;8348,72;Lastschrift DE87999999990000010525
10994;10308;12.07.2025;5248,76;"Miete März; Konto DE50999999990000010308"
10091;10385;22.10.2025;4987,07;"Miete Dezember; Konto DE37999999990000010385"
15642;10175;14.11.2025;8905,71;Lastschrift DE07999999990000010175
11694;10301;22.03.2025;1169,16;Rechnung 2024-7452, Rückfragen unter +49 56 40674489
12296;10315;28.09.2025;-1307,44;Überweisung an Heike Kettenbach
10805;10133;13.07.2025;1394,94;Rückzahlung an gisela.vollmering@beispiel-firma.de
11407;10406;12.03.2025;-1182,85;Gutschrift Vorgang 3616
10896;10343;11.03.2025;3367,17;Rechnung 2024-5553, Rückfragen unter (037) 3085170
11463;10469;04.07.2025;4176,24;Rechnung 2024-7405, Rückfragen unter +49 57 70945276
11890;10273;18.08.2025;2664,29;"Miete Februar; Konto DE15999999990000010273"
13542;10259;14.07.2025;3454,91;Rückzahlung an lena.obermeier@beispiel-firma.de
12905;10714;30.04.2025;6522,74;Rückzahlung an dieter.fassbender@beispiel-firma.de
12590;10385;30.06.2025;2237,82;Rechnung 2024-3324, Rückfragen unter 0439/539874-29
10574;10294;21.05.2025;1398,88;Beitrag Februar – Kundennummer 10294
11057;10042;14.10.2025;3870,36;"Miete Juli; Konto DE54999999990000010042"
15698;10434;16.05.2025;7243,58;Beitrag Dezember – Kundennummer 10434
10784;10245;03.05.2025;5429,43;Beitrag Oktober – Kundennummer 10245
13913;10364;26.05.2025;7423,86;"Miete Juli; Konto DE16999999990000010364"
13549;10371;12.01.2025;6383,40;Rechnung 2024-1740, Rückfragen unter +49 50 87076939
13913;10658;09.07.2025;8536,43;Lastschrift DE40999999990000010658
11561;10609;22.04.2025;1744,94;Lastschrift DE81999999990000010609
12835;10644;06.04.2025;3426,32;Rechnung 2024-4066, Rückfragen unter +49 87 87833295
12065;10721;25.02.2025;4262,67;Beitrag Mai – Kundennummer 10721
13409;10420;14.02.2025;3402,74;Beitrag November – Kundennummer 10420
12968;10777;13.08.2025;5335,86;Überweisung an Petra Uhlenbrock
15243;10189;04.04.2025;8807,21;Beitrag März – Kundennummer 10189
14508;10777;04.11.2025;-1508,98;Dauerauftrag April
11232;10679;22.01.2025;-2877,42;Gutschrift Vorgang 2625
11505;10350;25.09.2025;1110,74;Lastschrift DE02999999990000010350
11267;10056;24.02.2025;7594,59;Dauerauftrag Juli
12219;10560;29.04.2025;5418,44;Rückzahlung an olaf.jahnke@beispiel-firma.de
12212;10434;26.11.2025;-44,82;Beitrag November – Kundennummer 10434
12492;10217;25.02.2025;-2609,53;Gutschrift Vorgang 8420
11204;10098;16.01.2025;2065,39;"Miete November; Konto DE20999999990000010098"
15635;10784;01.06.2025;5843,29;Überweisung an Lars Zangerle
14802;10665;16.09.2025;6658,17;Rückzahlung an jutta.baumgartner@beispiel-firma.de
14221;10672;10.10.2025;2762,87;Dauerauftrag Dezember
10749;10238;29.11.2025;-1288,83;"Miete September; Konto DE70999999990000010238"
15061;10434;02.08.2025;2912,38;Beitrag Dezember – Kundennummer 10434
13115;10798;20.03.2025;1208,36;Lastschrift DE90999999990000010798
14676;10105;13.11.2025;-2035,60;Rückzahlung an lena.kettenbach@beispiel-firma.de
10889;10126;15.04.2025;6619,08;Lastschrift DE48999999990000010126
10658;10336;22.07.2025;6315,87;Überweisung an Ingo Zangerle
13472;10063;27.05.2025;3158,72;Beitrag Oktober – Kundennummer 10063
11736;10112;27.07.2025;-2186,92;Lastschrift DE34999999990000010112
14984;10399;14.03.2025;525,10;Rückzahlung an elke.hasselbach@beispiel-firma.de
11407;10819;17.12.2025;-1220,39;"Miete September; Konto DE21999999990000010819"
12940;10301;03.07.2025;8014,28;Rechnung 2024-6419, Rückfragen unter +49 56 40674489
13717;10595;02.12.2025;1198,23;Dauerauftrag April
15180;10294;02.05.2025;3135,76;Lastschrift DE36999999990000010294
15138;10217;14.03.2025;6508,17;Rechnung 2024-4372, Rückfragen unter (050) 2661451
14998;10567;22.04.2025;1782,46;Überweisung an Irene Zangerle
12247;10392;30.03.2025;499,80;Beitrag März – Kundennummer 10392
15292;10693;17.07.2025;-518,52;Lastschrift DE75999999990000010693
12065;10777;01.08.2025;-2738,97;Beitrag September – Kundennummer 10777
12247;10091;08.12.2025;4457,61;Lastschrift DE13999999990000010091
13129;10630;27.06.2025;-847,82;Dauerauftrag November
14942;10497;26.06.2025;4217,45;Rechnung 2024-2166, Rückfragen unter +49 60 82966050
15649;10154;03.06.2025;4903,57;Überweisung an Andreas Reinsberg
10924;10042;17.10.2025;6433,26;Rückzahlung an bernd.vollmering@beispiel-firma.de
12975;10371;29.05.2025;5732,71;Dauerauftrag September
11085;10490;03.01.2025;1872,88;Dauerauftrag Juni
13045;10574;29.11.2025;1794,63;Rechnung 2024-3656, Rückfragen unter +49 73 81194342
13171;10315;16.01.2025;523,66;Lastschrift DE57999999990000010315
12303;10189;14.02.2025;2894,77;Überweisung an Monika Mühlbauer
12576;10434;12.04.2025;6375,97;Rechnung 2024-3396, Rückfragen unter (050) 1129617
11932;10798;12.08.2025;-501,89;Lastschrift DE90999999990000010798
14928;10133;18.04.2025;4828,72;Gutschrift Vorgang 8897
10966;10497;05.06.2025;8161,12;Dauerauftrag September
11911;10035;02.07.2025;2459,59;Rückzahlung an anja.gruenwald@beispiel-firma.de
14613;10385;20.12.2025;5793,27;Gutschrift Vorgang 1688
11204;10777;15.03.2025;-63,59;Gutschrift Vorgang 8649
13535;10511;04.10.2025;7426,01;"Miete Januar; Konto DE73999999990000010511"
11400;10742;14.04.2025;4969,52;Dauerauftrag Juni
11659;10056;01.12.2025;6356,83;Rückzahlung an peter.achterberg@beispiel-firma.de
15628;10462;12.01.2025;3148,20;Lastschrift DE24999999990000010462
15404;10308;01.08.2025;4397,60;Rechnung 2024-4994, Rückfragen unter (063) 6070129
10063;10490;23.09.2025;6382,75;Lastschrift DE52999999990000010490
13661;10350;30.07.2025;3819,31;Lastschrift DE02999999990000010350
13983;10182;11.04.2025;8582,43;Gutschrift Vorgang 2432
14802;10182;22.01.2025;1409,66;Lastschrift DE14999999990000010182
15453;10231;12.05.2025;1063,16;Überweisung an Franziska Achterberg
15481;10476;13.06.2025;4995,03;Dauerauftrag Februar
10994;10175;10.06.2025;7875,63;"Miete März; Konto DE07999999990000010175"
12184;10280;31.12.2025;8128,28;Rückzahlung an peter.pflueger@beispiel-firma.de
11743;10350;01.07.2025;6630,44;Rückzahlung an holger.vollmering@beispiel-firma.de
14746;10273;18.07.2025;2246,45;Lastschrift DE15999999990000010273
13171;10763;19.02.2025;6462,49;Rechnung 2024-0845, Rückfragen unter +49 35 78788331
12401;10672;25.09.2025;7038,27;Rückzahlung an frank.niederegger@beispiel-firma.de
10623;10763;12.03.2025;-86,38;Lastschrift DE55999999990000010763
13500;10427;24.09.2025;7416,82;Überweisung an Heike Niederegger
12905;10588;14.01.2025;1834,52;Dauerauftrag August
10210;10126;15.04.2025;-2671,55;Beitrag Oktober – Kundennummer 10126
15397;10658;01.03.2025;271,14;Rückzahlung an dieter.muehlbauer@beispiel-firma.de
12716;10231;25.01.2025;5888,20;Überweisung an Franziska Achterberg
15201;10735;29.08.2025;-2151,47;Überweisung an Doris Mühlbauer
12275;10735;13.10.2025;7147,48;Überweisung an Doris Mühlbauer
11876;10665;09.10.2025;8326,08;"Miete August; Konto DE47999999990000010665"
13815;10049;18.12.2025;5302,72;"Miete Januar; Konto DE61999999990000010049"
15390;10798;19.10.2025;-2723,85;"Miete Juli; Konto DE90999999990000010798"
11848;10133;08.03.2025;8805,94;Rückzahlung an gisela.vollmering@beispiel-firma.de
14634;10049;23.10.2025;-893,98;Gutschrift Vorgang 8676
11764;10553;18.04.2025;75,83;Lastschrift DE25999999990000010553
15117;10441;06.06.2025;195,76;Überweisung an Elke Niederegger
14592;10420;11.06.2025;8970,00;Rückzahlung an gerd.thelen@beispiel-firma.de
14935;10287;05.05.2025;5246,16;Dauerauftrag November
13703;10665;27.11.2025;8927,00;"Miete April; Konto DE47999999990000010665"
12933;10511;17.07.2025;-246,75;"Miete Februar; Konto DE73999999990000010511"
14053;10070;21.07.2025;7956,29;Überweisung an Martin Baumgartner
11393;10819;16.11.2025;4132,02;Gutschrift Vorgang 8649
14515;10259;15.11.2025;-734,38;Lastschrift DE91999999990000010259
13248;10385;07.05.2025;3475,78;"Miete Juni; Konto DE37999999990000010385"
10042;10182;11.09.2025;-796,46;Rückzahlung an peter.zangerle@beispiel-firma.de
10847;10581;25.11.2025;5948,96;Beitrag Mai – Kundennummer 10581
13724;10630;10.06.2025;4470,13;Gutschrift Vorgang 1529
11169;10091;24.04.2025;-1803,42;Gutschrift Vorgang 3308
15747;10350;19.02.2025;3753,71;Beitrag November – Kundennummer 10350
12779;10469;15.08.2025;8106,98;Rechnung 2024-2778, Rückfragen unter +49 57 70945276
14025;10448;06.05.2025;8411,72;"Miete Dezember; Konto DE10999999990000010448"
13766;10651;06.06.2025;8464,15;Beitrag Dezember – Kundennummer 10651
13010;10721;18.06.2025;-765,27;Lastschrift DE13999999990000010721
13213;10210;20.11.2025;6448,00;Beitrag Juli – Kundennummer 10210
12884;10581;10.04.2025;-71,59;Rechnung 2024-8844, Rückfragen unter 0551/809732-94
10392;10770;14.02.2025;8647,80;Überweisung an Gerd Reinsberg
15005;10000;18.06.2025;6606,98;Gutschrift Vorgang 2305
15040;10511;12.03.2025;8186,00;Rückzahlung an franziska.zangerle@beispiel-firma.de
10959;10182;09.07.2025;4374,68;Dauerauftrag Januar
13773;10308;12.02.2025;6521,45;Lastschrift DE50999999990000010308
13143;10035;21.03.2025;1771,05;Lastschrift DE47999999990000010035
12688;10833;23.02.2025;-152,43;Überweisung an Anja Grünwald
13220;10140;05.06.2025;3711,89;Beitrag Oktober – Kundennummer 10140
13416;10588;03.03.2025;1657,62;Überweisung an Bernd Quandtner
14123;10140;29.10.2025;4513,74;Gutschrift Vorgang 6194
12877;10231;28.07.2025;-1468,71;"Miete Oktober; Konto DE63999999990000010231"
11617;10021;03.12.2025;1152,72;Rechnung 2024-2495, Rückfragen unter (050) 8781818
12065;10203;13.03.2025;212,30;Rechnung 2024-6867, Rückfragen unter +49 49 45176517
14991;10329;29.07.2025;6501,57;Dauerauftrag September
11358;10266;22.03.2025;2188,80;Rückzahlung an christoph.thelen@beispiel-firma.de
11771;10301;21.02.2025;8404,27;"Miete Juli; Konto DE43999999990000010301"
12751;10133;14.03.2025;-1344,58;Überweisung an Gisela Vollmering
13339;10476;06.12.2025;4932,46;Lastschrift DE38999999990000010476
13346;10091;15.01.2025;-2320,32;Rechnung 2024-5442, Rückfragen unter 0741/131783-19
15397;10588;20.08.2025;-2699,07;Dauerauftrag März
10378;10644;13.04.2025;8796,71;Lastschrift DE26999999990000010644
10427;10399;09.10.2025;-15,18;Rechnung 2024-4694, Rückfragen unter 0232/307194-20
11785;10777;26.10.2025;-2892,84;Lastschrift DE69999999990000010777
14445;10714;23.12.2025;4461,24;Überweisung an Dieter Fassbender
14557;10196;14.09.2025;8287,97;Beitrag September – Kundennummer 10196
11470;10021;08.04.2025;-961,29;Gutschrift Vorgang 9262
15166;10126;18.02.2025;360,81;Rechnung 2024-0615, Rückfragen unter 0779/709203-29
12527;10686;18.01.2025;1822,63;"Miete November; Konto DE68999999990000010686"
14529;10714;29.10.2025;-2041,97;Gutschrift Vorgang 9675
14438;10182;06.09.2025;6671,03;Beitrag November – Kundennummer 10182
13108;10588;09.02.2025;-2822,32;Gutschrift Vorgang 8962
14172;10322;06.01.2025;7870,73;Beitrag August – Kundennummer 10322
12037;10294;21.07.2025;7577,95;Gutschrift Vorgang 3903
12793;10329;19.11.2025;2532,90;Gutschrift Vorgang 5127
15691;10616;10.10.2025;686,56;Dauerauftrag Januar
13633;10350;05.11.2025;2231,51;"Miete April; Konto DE02999999990000010350"
14221;10560;08.05.2025;1642,16;Rechnung 2024-5189, Rückfragen unter 0200/206437-60
13430;10021;03.04.2025;6943,08;"Miete Oktober; Konto DE33999999990000010021"
15278;10294;05.09.2025;2297,29;Lastschrift DE36999999990000010294
10063;10182;05.10.2025;2058,91;Beitrag Februar – Kundennummer 10182
15250;10441;18.04.2025;6730,58;Beitrag März – Kundennummer 10441
10119;10406;14.11.2025;6632,23;Dauerauftrag August
14585;10245;18.12.2025;1300,13;Beitrag September – Kundennummer 10245
13122;10497;05.08.2025;-1838,22;"Miete Januar; Konto DE59999999990000010497"
10231;10833;06.03.2025;5402,82;Überweisung an Anja Grünwald
13164;10497;08.07.2025;5934,57;Rückzahlung an elke.lindhorst@beispiel-firma.de
13773;10392;18.03.2025;3186,56;Gutschrift Vorgang 5078
12891;10028;07.09.2025;-928,09;Beitrag September – Kundennummer 10028
10000;10336;18.09.2025;-1915,77;Dauerauftrag April
15264;10378;23.02.2025;893,91;Rückzahlung an frank.vollmering@beispiel-firma.de
14445;10091;31.05.2025;8634,27;"Miete Dezember; Konto DE13999999990000010091"
13108;10756;02.08.2025;2076,76;Lastschrift DE48999999990000010756
11932;10392;11.11.2025;-2227,97;"Miete Februar; Konto DE44999999990000010392"
13668;10063;16.06.2025;-2560,66;"Miete September; Konto DE75999999990000010063"
13213;10427;27.02.2025;6055,24;Dauerauftrag August
13045;10182;04.07.2025;2807,88;Rückzahlung an peter.zangerle@beispiel-firma.de
12681;10735;24.01.2025;8198,18;Rechnung 2024-9011, Rückfragen unter (054) 1742109
11197;10056;29.11.2025;7198,85;Rechnung 2024-8504, Rückfragen unter (069) 4393053
13934;10770;03.09.2025;3230,27;Rechnung 2024-3893, Rückfragen unter +49 45 67080005
12310;10161;13.01.2025;5796,87;Rückzahlung an claudia.muehlbauer@beispiel-firma.de
12842;10119;04.10.2025;-209,28;Rückzahlung an monika.fassbender@beispiel-firma.de
11029;10469;24.11.2025;1232,54;Beitrag Mai – Kundennummer 10469
13829;10091;25.10.2025;1127,04;Beitrag Oktober – Kundennummer 10091
10434;10420;20.06.2025;8208,16;Rückzahlung an gerd.thelen@beispiel-firma.de
14746;10609;24.11.2025;2130,61;Dauerauftrag Januar
13500;10112;25.05.2025;2207,93;Rechnung 2024-6495, Rückfragen unter (057) 9540253
15390;10826;21.03.2025;3479,18;Rückzahlung an bernd.pflueger@beispiel-firma.de
10147;10266;29.04.2025;3975,66;Beitrag Januar – Kundennummer 10266
11974;10441;08.09.2025;8373,94;"Miete Dezember; Konto DE03999999990000010441"
15033;10021;04.09.2025;3993,55;Überweisung an Monika Illigen
11456;10798;20.10.2025;4402,41;Gutschrift Vorgang 5295
12163;10455;12.08.2025;6776,66;Rückzahlung an renate.zangerle@beispiel-firma.de
12828;10105;09.12.2025;-2361,22;Beitrag Oktober – Kundennummer 10105
14060;10273;15.02.2025;5927,88;Beitrag April – Kundennummer 10273
15740;10560;29.06.2025;-1471,71;Rückzahlung an olaf.jahnke@beispiel-firma.de
12086;10182;14.11.2025;-2624,50;Beitrag September – Kundennummer 10182
10448;10441;10.01.2025;6462,28;"Miete Juni; Konto DE03999999990000010441"
10280;10728;23.10.2025;5329,39;Lastschrift DE20999999990000010728
13087;10539;23.07.2025;1001,72;"Miete August; Konto DE11999999990000010539"
13479;10238;14.10.2025;-2876,29;Rückzahlung an holger.baumgartner@beispiel-firma.de
11295;10280;03.01.2025;-421,82;Rückzahlung an peter.pflueger@beispiel-firma.de
13164;10448;29.04.2025;-2740,04;Rechnung 2024-0967, Rückfragen unter 0584/578629-43
12352;10749;10.05.2025;7085,42;Rückzahlung an anja.dettmer@beispiel-firma.de
13829;10469;10.05.2025;-1073,59;Lastschrift DE31999999990000010469
11918;10497;05.10.2025;3525,41;Gutschrift Vorgang 1714
10679;10154;24.10.2025;6588,12;Dauerauftrag Mai
14599;10028;16.11.2025;-1991,42;"Miete November; Konto DE40999999990000010028"
13038;10154;13.06.2025;3629,79;Beitrag Februar – Kundennummer 10154
14102;10721;01.05.2025;-607,60;Rückzahlung an jutta.obermeier@beispiel-firma.de
14599;10721;21.01.2025;-2105,80;Lastschrift DE13999999990000010721
12023;10511;03.07.2025;-1853,23;Lastschrift DE73999999990000010511
14214;10021;19.12.2025;-1249,11;"Miete April; Konto DE33999999990000010021"
11358;10812;07.05.2025;1889,18;Rückzahlung an lars.quandtner@beispiel-firma.de
14865;10469;27.06.2025;6157,16;Rückzahlung an birgit.steinkamp@beispiel-firma.de
15453;10210;25.03.2025;6396,43;Rechnung 2024-2613, Rückfragen unter +49 71 99059829
10322;10490;23.09.2025;3288,99;"Miete Mai; Konto DE52999999990000010490"
11085;10161;28.07.2025;5996,05;Überweisung an Claudia Mühlbauer
12723;10049;22.06.2025;539,98;Rechnung 2024-8800, Rückfragen unter 0604/480379-11
13381;10777;01.12.2025;2353,76;Beitrag Januar – Kundennummer 10777
12128;10007;26.06.2025;1334,48;Rechnung 2024-0971, Rückfragen unter 0702/817879-16
11043;10147;29.10.2025;5725,93;Beitrag November – Kundennummer 10147
12653;10112;02.09.2025;5054,18;Rückzahlung an peter.quandtner@beispiel-firma.de
11421;10042;17.05.2025;1137,59;Lastschrift DE54999999990000010042
10469;10091;05.04.2025;8603,41;Gutschrift Vorgang 9120
13290;10203;31.08.2025;2127,98;Rechnung 2024-7180, Rückfragen unter +49 49 45176517
11302;10035;27.09.2025;965,76;Rechnung 2024-4784, Rückfragen unter +49 86 76464505
15327;10581;13.02.2025;8348,10;Dauerauftrag Oktober
11827;10119;28.03.2025;-2316,63;Gutschrift Vorgang 9805
10056;10105;31.05.2025;3382,25;"Miete Dezember; Konto DE27999999990000010105"
13346;10455;18.03.2025;3483,95;Überweisung an Renate Zangerle
14263;10133;13.01.2025;2527,36;Rückzahlung an gisela.vollmering@beispiel-firma.de
12310;10364;04.04.2025;5166,31;Überweisung an Norbert Thelen
12569;10049;22.09.2025;8673,96;Rückzahlung an anja.vollmering@beispiel-firma.de
11239;10623;26.08.2025;7256,46;Überweisung an Nadine Wachsmuth
14662;10602;02.09.2025;3455,08;Dauerauftrag September
14431;10504;18.08.2025;-2590,85;Rechnung 2024-0337, Rückfragen unter +49 56 54937953
12842;10420;04.12.2025;-524,43;Überweisung an Gerd Thelen
14851;10812;15.04.2025;4831,27;Rechnung 2024-1035, Rückfragen unter 0668/474264-40
15803;10721;28.01.2025;-2154,13;Gutschrift Vorgang 2026
12177;10770;28.01.2025;1293,20;Rechnung 2024-8183, Rückfragen unter +49 45 67080005
10077;10532;05.12.2025;1570,07;Überweisung an Peter Baumgartner
14137;10532;18.12.2025;-669,89;Beitrag März – Kundennummer 10532
14578;10007;20.12.2025;2453,01;Lastschrift DE19999999990000010007
12527;10728;14.12.2025;1605,29;Rückzahlung an frank.illigen@beispiel-firma.de
11631;10371;20.06.2025;6895,61;Lastschrift DE23999999990000010371
13444;10742;13.08.2025;2522,54;Beitrag März – Kundennummer 10742
12618;10560;28.05.2025;-610,29;Lastschrift DE32999999990000010560
15726;10175;31.01.2025;3982,98;Rückzahlung an franziska.fassbender@beispiel-firma.de
12296;10126;16.12.2025;6198,98;Lastschrift DE48999999990000010126
11953;10511;23.08.2025;8601,99;Lastschrift DE73999999990000010511
12044;10448;17.10.2025;7,84;Rückzahlung an andreas.gruenwald@beispiel-firma.de
10441;10028;19.03.2025;5236,58;Dauerauftrag Januar
10224;10210;23.06.2025;-2617,32;Überweisung an Andreas Illigen
14060;10399;01.10.2025;-1741,67;Überweisung an Elke Hasselbach
15124;10168;20.03.2025;-2027,25;Beitrag April – Kundennummer 10168
13024;10350;25.09.2025;7334,45;Rechnung 2024-6715, Rückfragen unter +49 71 52489613
12506;10749;12.03.2025;4471,11;Dauerauftrag Juni
14074;10378;25.03.2025;8262,37;Beitrag Juni – Kundennummer 10378
14697;10700;05.12.2025;6409,08;"Miete April; Konto DE82999999990000010700"
11561;10623;26.10.2025;8838,56;Dauerauftrag Februar
12807;10378;28.06.2025;7980,93;Beitrag Dezember – Kundennummer 10378
12373;10028;13.10.2025;4104,83;Rückzahlung an norbert.zangerle@beispiel-firma.de
12548;10728;18.01.2025;-2917,13;Dauerauftrag September
13325;10672;20.01.2025;8917,24;Rückzahlung an frank.niederegger@beispiel-firma.de
15096;10154;05.02.2025;6239,85;Dauerauftrag Juli
11428;10350;30.04.2025;5486,67;Beitrag April – Kundennummer 10350
14116;10714;03.11.2025;509,60;Überweisung an Dieter Fassbender
10630;10378;06.08.2025;-2621,27;Beitrag April – Kundennummer 10378
11855;10714;13.04.2025;8253,01;"Miete Februar; Konto DE06999999990000010714"
13290;10644;25.01.2025;4815,49;Rückzahlung an olaf.kettenbach@beispiel-firma.de
12975;10259;16.06.2025;-1959,39;Gutschrift Vorgang 8803
14473;10833;15.02.2025;8217,33;Rechnung 2024-7258, Rückfragen unter +49 46 79567361
12443;10189;29.09.2025;3743,07;Überweisung an Monika Mühlbauer
15194;10658;26.11.2025;4581,75;Gutschrift Vorgang 7113
12989;10294;27.02.2025;-2800,95;Dauerauftrag Mai
12814;10189;29.09.2025;3965,02;Rechnung 2024-1329, Rückfragen unter +49 84 74738546
14557;10630;24.12.2025;-466,79;Dauerauftrag November
14480;10350;29.05.2025;8686,20;"Miete März; Konto DE02999999990000010350"
10532;10455;14.09.2025;6900,67;Gutschrift Vorgang 2255
13178;10721;18.03.2025;3858,41;"Miete September; Konto DE13999999990000010721"
15173;10133;10.05.2025;1937,12;Rückzahlung an gisela.vollmering@beispiel-firma.de
12394;10133;20.08.2025;6586,19;Beitrag April – Kundennummer 10133
13444;10000;09.09.2025;3689,76;Lastschrift DE12999999990000010000
11981;10455;07.12.2025;336,02;Beitrag September – Kundennummer 10455
13255;10077;29.08.2025;2907,68;"Miete Juli; Konto DE89999999990000010077"
13619;10007;14.07.2025;-2446,50;Gutschrift Vorgang 4981
10679;10511;24.01.2025;-2200,05;Lastschrift DE73999999990000010511
14697;10315;11.11.2025;-1312,28;"Miete September; Konto DE57999999990000010315"
12520;10049;08.12.2025;-1193,03;"Miete Dezember; Konto DE61999999990000010049"
15768;10749;10.01.2025;5373,78;Überweisung an Anja Dettmer
15551;10427;06.07.2025;7964,60;Lastschrift DE79999999990000010427
14809;10651;01.10.2025;8487,36;Gutschrift Vorgang 4333
12765;10238;01.03.2025;1599,73;Gutschrift Vorgang 3989
11414;10742;20.04.2025;235,38;"Miete März; Konto DE34999999990000010742"
15110;10329;19.04.2025;5556,11;"Miete Mai; Konto DE71999999990000010329"
15159;10000;23.11.2025;4469,57;Rückzahlung an dieter.gruenwald@beispiel-firma.de
13976;10609;16.11.2025;6912,53;"Miete April; Konto DE81999999990000010609"
12828;10672;07.11.2025;6909,46;Gutschrift Vorgang 9600
10756;10273;02.03.2025;3715,51;Überweisung an Jutta Steinkamp
15817;10343;14.05.2025;-2386,22;Rechnung 2024-5094, Rückfragen unter (037) 3085170
10301;10175;02.01.2025;326,96;Lastschrift DE07999999990000010175
12058;10231;16.07.2025;8239,69;Lastschrift DE63999999990000010231
10623;10658;10.11.2025;-639,39;Rückzahlung an dieter.muehlbauer@beispiel-firma.de
12226;10532;07.09.2025;2097,93;Rückzahlung an peter.baumgartner@beispiel-firma.de
15082;10273;17.03.2025;6026,68;"Miete November; Konto DE15999999990000010273"
11253;10560;18.02.2025;8710,61;Beitrag November – Kundennummer 10560
14767;10063;28.11.2025;4357,45;Gutschrift Vorgang 9943
10749;10413;01.11.2025;7768,40;Rückzahlung an nadine.thelen@beispiel-firma.de
10819;10672;21.04.2025;7456,81;Lastschrift DE54999999990000010672
15656;10105;17.11.2025;1819,02;Rechnung 2024-2771, Rückfragen unter +49 43 50888355
10714;10266;17.11.2025;-418,84;Rückzahlung an christoph.thelen@beispiel-firma.de
11855;10189;02.10.2025;1954,56;Überweisung an Monika Mühlbauer
14088;10476;08.03.2025;3798,40;Lastschrift DE38999999990000010476
11575;10014;12.09.2025;4682,63;Rückzahlung an peter.illigen@beispiel-firma.de
12450;10658;02.09.2025;1957,70;Dauerauftrag Juli
14949;10217;13.08.2025;2058,50;Lastschrift DE49999999990000010217
12009;10791;15.10.2025;2939,32;Beitrag August – Kundennummer 10791
14256;10063;15.05.2025;-1169,39;"Miete Februar; Konto DE75999999990000010063"
15600;10532;10.11.2025;2510,41;Rechnung 2024-0585, Rückfragen unter +49 54 89223948
14515;10105;20.01.2025;4875,31;Beitrag Juli – Kundennummer 10105
10791;10035;10.04.2025;1316,18;Rechnung 2024-6584, Rückfragen unter +49 86 76464505
15817;10462;05.09.2025;5543,59;Dauerauftrag April
10511;10497;20.07.2025;6746,89;Rechnung 2024-7081, Rückfragen unter +49 60 82966050
10259;10273;03.06.2025;542,89;"Miete August; Konto DE15999999990000010273"
13479;10028;02.11.2025;1993,46;Lastschrift DE40999999990000010028
13850;10063;23.11.2025;-1426,74;"Miete August; Konto DE75999999990000010063"
14417;10665;09.09.2025;2665,23;Beitrag Oktober – Kundennummer 10665
14788;10161;26.11.2025;249,56;Rechnung 2024-7316, Rückfragen unter (065) 2231322
13010;10392;01.07.2025;-1438,23;Überweisung an Gerd Hasselbach
12387;10399;05.03.2025;4562,82;Dauerauftrag August
15481;10420;08.03.2025;2310,06;Lastschrift DE72999999990000010420
12310;10546;12.12.2025;-2143,78;"Miete Mai; Konto DE18999999990000010546"
12198;10476;20.01.2025;6810,10;Gutschrift Vorgang 8503
15418;10245;16.02.2025;-2500,76;Überweisung an Gisela Niederegger
14494;10000;01.04.2025;6682,87;Rückzahlung an dieter.gruenwald@beispiel-firma.de
14340;10035;04.05.2025;-1721,66;Beitrag April – Kundennummer 10035
10182;10238;05.07.2025;2213,99;Dauerauftrag Oktober
13213;10469;06.04.2025;3045,20;Gutschrift Vorgang 2480
10980;10049;31.03.2025;2605,08;Überweisung an Anja Vollmering
12317;10133;17.04.2025;-2850,35;Dauerauftrag März
10917;10028;14.02.2025;4292,90;Überweisung an Norbert Zangerle
14403;10413;18.12.2025;1937,67;Rückzahlung an nadine.thelen@beispiel-firma.de
10777;10714;11.03.2025;1972,31;"Miete September; Konto DE06999999990000010714"
13010;10595;10.02.2025;2416,27;Lastschrift DE67999999990000010595
15614;10077;21.12.2025;-2289,04;Dauerauftrag Januar
14158;10441;30.01.2025;1026,47;Überweisung an Elke Niederegger
13598;10490;10.09.2025;8102,08;Lastschrift DE52999999990000010490
15719;10672;23.09.2025;7447,09;Beitrag Juli – Kundennummer 10672
10889;10518;16.04.2025;-645,19;Rechnung 2024-8066, Rückfragen unter 0665/704340-35
13395;10532;05.06.2025;7616,67;Überweisung an Peter Baumgartner
10126;10014;20.05.2025;5776,77;"Miete Oktober; Konto DE26999999990000010014"
11589;10560;07.04.2025;4083,69;Rückzahlung an olaf.jahnke@beispiel-firma.de
15649;10805;10.01.2025;8165,63;Dauerauftrag Juni
10938;10693;25.05.2025;3840,00;Beitrag Mai – Kundennummer 10693
15733;10441;07.10.2025;570,32;Überweisung an Elke Niederegger
12695;10651;04.06.2025;-57,04;Gutschrift Vorgang 3025
12121;10763;18.06.2025;8156,39;Überweisung an Doris Wachsmuth
10350;10133;07.04.2025;4734,16;"Miete Dezember; Konto DE55999999990000010133"
12100;10623;05.10.2025;5286,31;Rechnung 2024-5186, Rückfragen unter 0411/133128-78
10511;10826;20.08.2025;3132,85;Überweisung an Bernd Pflüger
13136;10546;22.11.2025;5318,76;Überweisung an Frank Obermeier
10399;10161;10.03.2025;8330,58;Gutschrift Vorgang 9041
13598;10441;20.01.2025;4981,14;Beitrag Mai – Kundennummer 10441
11876;10595;25.05.2025;-311,57;Überweisung an Franziska Uhlenbrock
12394;10644;05.11.2025;8176,37;Rückzahlung an olaf.kettenbach@beispiel-firma.de
11099;10469;03.09.2025;5921,44;Rechnung 2024-2483, Rückfragen unter +49 57 70945276
12219;10637;07.08.2025;7715,35;Rechnung 2024-0948, Rückfragen unter +49 61 24413755
13633;10448;06.03.2025;6835,60;Rechnung 2024-0159, Rückfragen unter 0584/578629-43
15600;10567;27.02.2025;6189,79;Dauerauftrag April
13430;10574;27.08.2025;305,01;Gutschrift Vorgang 1676
14662;10189;20.07.2025;1185,28;Überweisung an Monika Mühlbauer
13486;10014;25.06.2025;-695,45;Gutschrift Vorgang 7735
12275;10651;29.04.2025;8121,17;Gutschrift Vorgang 9267
10476;10378;14.12.2025;2851,59;Beitrag August – Kundennummer 10378
11358;10329;18.10.2025;3306,29;Dauerauftrag Oktober
14179;10392;18.01.2025;8071,52;Überweisung an Gerd Hasselbach
11582;10749;13.08.2025;6285,81;Überweisung an Anja Dettmer
15243;10721;17.11.2025;3284,64;Rückzahlung an jutta.obermeier@beispiel-firma.de
13892;10427;15.04.2025;-2925,45;Dauerauftrag August
12429;10140;22.07.2025;2604,72;Lastschrift DE62999999990000010140
10196;10819;14.06.2025;-397,61;Beitrag April – Kundennummer 10819
12429;10385;13.06.2025;5702,52;Beitrag Januar – Kundennummer 10385
14067;10413;15.05.2025;6863,81;"Miete Dezember; Konto DE65999999990000010413"
12394;10056;06.05.2025;4025,22;Gutschrift Vorgang 8662
14011;10637;20.02.2025;-1348,97;Beitrag Juli – Kundennummer 10637
13234;10707;18.06.2025;7435,86;Beitrag Mai – Kundennummer 10707
10826;10707;03.05.2025;-1919,52;Rückzahlung an birgit.baumgartner@beispiel-firma.de
13899;10588;22.02.2025;1438,66;Dauerauftrag März
13535;10441;18.06.2025;-2650,39;Lastschrift DE03999999990000010441
11309;10784;30.09.2025;3934,71;"Miete Februar; Konto DE76999999990000010784"
11113;10707;23.02.2025;-2648,01;Beitrag Februar – Kundennummer 10707
11148;10042;06.08.2025;8485,25;Lastschrift DE54999999990000010042
12898;10273;29.11.2025;4199,20;Beitrag April – Kundennummer 10273
12457;10217;13.07.2025;5864,93;Gutschrift Vorgang 9528
10959;10623;24.09.2025;7809,86;"Miete Juli; Konto DE05999999990000010623"
14823;10203;27.01.2025;-890,48;Rechnung 2024-4899, Rückfragen unter +49 49 45176517
11449;10721;28.04.2025;8085,20;Gutschrift Vorgang 0892
15740;10028;21.11.2025;3027,63;"Miete Juni; Konto DE40999999990000010028"
10868;10560;20.08.2025;164,39;Überweisung an Olaf Jahnke
12723;10602;05.04.2025;-1009,64;Beitrag August – Kundennummer 10602
13584;10735;13.07.2025;741,13;"Miete April; Konto DE27999999990000010735"
12149;10728;01.04.2025;4961,39;Beitrag April – Kundennummer 10728
14459;10224;03.04.2025;-2109,91;Rückzahlung an peter.cordes@beispiel-firma.de
12037;10749;05.01.2025;-1216,19;Überweisung an Anja Dettmer
11386;10483;10.10.2025;-1571,28;Dauerauftrag Mai
11960;10119;06.09.2025;225,76;Lastschrift DE41999999990000010119
13528;10133;09.10.2025;-2184,48;Gutschrift Vorgang 8049
11274;10714;11.03.2025;194,88;Lastschrift DE06999999990000010714
13178;10203;12.09.2025;5064,19;Überweisung an Irene Niederegger
11813;10273;15.12.2025;2342,65;Überweisung an Jutta Steinkamp
15740;10497;02.06.2025;6653,87;Gutschrift Vorgang 2447
14893;10238;11.07.2025;5956,48;"Miete Februar; Konto DE70999999990000010238"
11491;10070;24.01.2025;1131,05;Gutschrift Vorgang 0843
15362;10630;15.08.2025;-2642,18;Lastschrift DE12999999990000010630
12114;10056;18.10.2025;492,99;Gutschrift Vorgang 0339
11134;10441;17.08.2025;-1544,22;Dauerauftrag November
11120;10371;22.09.2025;-1062,52;Gutschrift Vorgang 2389
10385;10301;14.06.2025;3001,08;Lastschrift DE43999999990000010301
10273;10042;28.06.2025;4611,84;"Miete März; Konto DE54999999990000010042"
15817;10091;18.09.2025;-2154,38;Dauerauftrag Dezember
14508;10791;20.07.2025;4137,38;Beitrag Januar – Kundennummer 10791
15383;10273;25.03.2025;823,81;Überweisung an Jutta Steinkamp
13255;10329;28.08.2025;-65,34;Dauerauftrag Februar
13003;10140;15.01.2025;-1322,69;Lastschrift DE62999999990000010140
14844;10686;28.12.2025;8689,98;Lastschrift DE68999999990000010686
15789;10280;28.04.2025;-1360,07;"Miete Februar; Konto DE22999999990000010280"
10301;10000;24.07.2025;5593,90;Rechnung 2024-1786, Rückfragen unter (079) 5540670
13864;10189;13.10.2025;180,84;Rückzahlung an monika.muehlbauer@beispiel-firma.de
12723;10546;22.05.2025;4557,17;"Miete Oktober; Konto DE18999999990000010546"
11400;10301;19.01.2025;5674,42;Rückzahlung an claudia.pflueger@beispiel-firma.de
10196;10385;23.03.2025;555,34;Lastschrift DE37999999990000010385
13661;10707;01.11.2025;7974,68;"Miete März; Konto DE89999999990000010707"
14494;10056;15.08.2025;-1183,90;Beitrag Dezember – Kundennummer 10056
13906;10392;22.09.2025;7470,98;Rückzahlung an gerd.hasselbach@beispiel-firma.de
15474;10021;25.09.2025;-675,51;Rechnung 2024-5894, Rückfragen unter (050) 8781818
12282;10378;26.02.2025;-2962,94;Rechnung 2024-3361, Rückfragen unter (061) 3743664
13143;10504;03.09.2025;-977,07;Gutschrift Vorgang 2242
15796;10357;31.12.2025;2580,74;Dauerauftrag Juli
13115;10105;07.02.2025;-1654,61;"Miete November; Konto DE27999999990000010105"
15733;10448;27.12.2025;6396,25;Dauerauftrag November
14214;10819;17.12.2025;1888,03;"Miete August; Konto DE21999999990000010819"
13227;10091;31.03.2025;860,71;Rechnung 2024-6994, Rückfragen unter 0741/131783-19
13654;10672;02.10.2025;3856,28;Gutschrift Vorgang 0962
11666;10399;13.10.2025;-2118,50;Rückzahlung an elke.hasselbach@beispiel-firma.de
14655;10455;31.03.2025;-1398,47;Überweisung an Renate Zangerle
14900;10161;08.11.2025;2881,03;Beitrag Juni – Kundennummer 10161
13059;10567;14.05.2025;-1050,77;Lastschrift DE39999999990000010567
15432;10490;05.04.2025;4175,30;Rechnung 2024-0732, Rückfragen unter 0730/510987-53
11463;10161;09.11.2025;7919,72;Überweisung an Claudia Mühlbauer
14823;10287;17.05.2025;-2809,73;Dauerauftrag Januar
15180;10406;20.05.2025;5258,77;Rückzahlung an klaus.thelen@beispiel-firma.de
10707;10539;10.06.2025;8131,30;Rückzahlung an elke.achterberg@beispiel-firma.de
14417;10154;15.05.2025;6576,00;Dauerauftrag Oktober
14501;10644;05.04.2025;2322,75;Rückzahlung an olaf.kettenbach@beispiel-firma.de
10462;10798;04.08.2025;7217,40;Rückzahlung an gerd.wachsmuth@beispiel-firma.de
10273;10441;12.02.2025;1346,70;Überweisung an Elke Niederegger
13164;10168;23.03.2025;8551,36;Überweisung an Ingo Thelen
12303;10686;16.08.2025;-1773,02;Lastschrift DE68999999990000010686
10077;10546;27.03.2025;-1527,89;Lastschrift DE18999999990000010546
13087;10077;21.10.2025;-940,54;Rückzahlung an renate.thelen@beispiel-firma.de
11274;10588;22.09.2025;1841,52;Beitrag Oktober – Kundennummer 10588
11589;10126;13.06.2025;1553,86;Gutschrift Vorgang 7324
11827;10280;10.07.2025;2525,51;Überweisung an Peter Pflüger
10847;10679;06.12.2025;6993,46;Dauerauftrag Dezember
14179;10693;15.06.2025;1464,57;Gutschrift Vorgang 1980
12450;10749;29.08.2025;-36,22;"Miete Januar; Konto DE41999999990000010749"
12828;10609;15.11.2025;886,75;Rückzahlung an elke.vollmering@beispiel-firma.de
13346;10378;27.06.2025;8679,38;Rückzahlung an frank.vollmering@beispiel-firma.de
14403;10791;10.09.2025;3794,29;Rechnung 2024-7747, Rückfragen unter (061) 1357527
14186;10609;28.12.2025;-1818,24;Dauerauftrag Dezember
13206;10035;01.01.2025;2422,83;Rechnung 2024-7711, Rückfragen unter +49 86 76464505
14620;10056;17.09.2025;2868,20;"Miete Juli; Konto DE68999999990000010056"
15411;10602;26.02.2025;6014,89;Gutschrift Vorgang 9235
11029;10630;10.12.2025;3365,77;Rückzahlung an ingo.niederegger@beispiel-firma.de
11106;10777;23.02.2025;1082,17;"Miete Oktober; Konto DE69999999990000010777"
11743;10455;18.07.2025;-988,60;Beitrag Februar – Kundennummer 10455
12373;10742;21.02.2025;1322,25;Dauerauftrag Januar
11687;10007;22.10.2025;5325,36;Beitrag September – Kundennummer 10007
15299;10497;29.10.2025;2007,67;Dauerauftrag November
12149;10553;14.11.2025;4831,03;Rückzahlung an gisela.thelen@beispiel-firma.de
10504;10238;21.03.2025;8189,45;"Miete Juni; Konto DE70999999990000010238"
13262;10833;22.02.2025;-2496,38;Rechnung 2024-2771, Rückfragen unter +49 46 79567361
10924;10063;16.06.2025;-1798,37;Beitrag Juli – Kundennummer 10063
13598;10560;19.04.2025;-2670,89;"Miete Mai; Konto DE32999999990000010560"
11134;10490;29.06.2025;3938,85;"Miete Dezember; Konto DE52999999990000010490"
14550;10490;08.11.2025;6837,37;Rückzahlung an norbert.gruenwald@beispiel-firma.de
15313;10203;14.08.2025;3761,40;"Miete März; Konto DE35999999990000010203"
11281;10546;15.12.2025;-985,50;Lastschrift DE18999999990000010546
14018;10126;26.06.2025;-2943,42;Lastschrift DE48999999990000010126
11953;10427;06.12.2025;-749,56;"Miete November; Konto DE79999999990000010427"
13864;10308;03.03.2025;689,64;Beitrag Januar – Kundennummer 10308
14242;10063;20.09.2025;3647,98;Beitrag August – Kundennummer 10063
14389;10805;16.04.2025;2046,27;Dauerauftrag Juli
10588;10539;01.05.2025;5981,95;Dauerauftrag Dezember
15558;10721;07.05.2025;-2239,88;Beitrag Juni – Kundennummer 10721
11806;10819;08.08.2025;-2599,63;Gutschrift Vorgang 9631
12282;10007;17.12.2025;-2075,31;Rechnung 2024-4415, Rückfragen unter 0702/817879-16
14459;10210;29.06.2025;2001,94;"Miete September; Konto DE42999999990000010210"
13150;10532;12.12.2025;41,79;Gutschrift Vorgang 5811
15313;10378;29.08.2025;3817,50;Lastschrift DE30999999990000010378
14382;10805;23.01.2025;6345,14;Rechnung 2024-1798, Rückfragen unter (050) 3975423
11820;10637;10.05.2025;2538,76;Gutschrift Vorgang 6035
15075;10644;18.06.2025;3547,17;Gutschrift Vorgang 6095
10672;10462;09.10.2025;6727,55;Dauerauftrag Juni
12100;10791;07.08.2025;-1851,92;Rückzahlung an anja.reinsberg@beispiel-firma.de
12051;10147;11.10.2025;38,19;Rechnung 2024-0379, Rückfragen unter +49 48 7967322
10798;10329;15.06.2025;-2926,04;Beitrag August – Kundennummer 10329
15824;10588;09.11.2025;-1930,35;Dauerauftrag März
14473;10294;24.12.2025;7734,25;Beitrag März – Kundennummer 10294
13136;10553;27.07.2025;-2889,35;Dauerauftrag Oktober
10651;10700;27.12.2025;4366,47;Dauerauftrag Juli
12492;10224;22.05.2025;7741,62;Beitrag Dezember – Kundennummer 10224
14543;10497;08.08.2025;-1432,92;Rückzahlung an elke.lindhorst@beispiel-firma.de
14907;10315;27.07.2025;202,52;Rechnung 2024-1546, Rückfragen unter 0374/947680-49
13619;10350;07.12.2025;4992,09;Überweisung an Holger Vollmering
12968;10105;31.12.2025;7465,93;Gutschrift Vorgang 9737
12807;10616;17.03.2025;-1160,49;Beitrag Juni – Kundennummer 10616
10364;10266;19.06.2025;-2258,91;Dauerauftrag Juli
15005;10462;02.01.2025;7138,52;Beitrag Juli – Kundennummer 10462
13444;10280;18.04.2025;7613,16;Dauerauftrag April
11813;10252;11.05.2025;3199,80;"Miete Oktober; Konto DE84999999990000010252"
12219;10602;06.03.2025;3247,60;Rückzahlung an frank.reinsberg@beispiel-firma.de
10315;10028;09.09.2025;2074,14;"Miete Mai; Konto DE40999999990000010028"
11631;10714;06.07.2025;-77,54;Lastschrift DE06999999990000010714
12387;10147;04.12.2025;2994,57;Dauerauftrag Juni
11946;10707;20.07.2025;3983,07;Überweisung an Birgit Baumgartner
14221;10819;07.12.2025;8512,23;Überweisung an Gisela Thelen
15040;10434;26.10.2025;978,35;Überweisung an Peter Dettmer
13766;10686;08.07.2025;5456,02;Rechnung 2024-9871, Rückfragen unter +49 32 75316739
11827;10581;26.11.2025;-1012,15;Dauerauftrag Dezember
10833;10812;09.09.2025;7414,82;Gutschrift Vorgang 7218
11015;10294;22.03.2025;4944,68;Überweisung an Gerd Cordes
12884;10021;02.03.2025;-1108,44;Rechnung 2024-7177, Rückfragen unter (050) 8781818
11547;10126;27.05.2025;-821,09;Rückzahlung an norbert.hasselbach@beispiel-firma.de
11673;10168;31.12.2025;8021,77;Überweisung an Ingo Thelen
14179;10231;23.07.2025;4764,84;"Miete Februar; Konto DE63999999990000010231"
14340;10672;10.05.2025;57,96;"Miete November; Konto DE54999999990000010672"
12037;10245;29.09.2025;626,95;Rückzahlung an gisela.niederegger@beispiel-firma.de
11526;10819;15.02.2025;2150,90;Lastschrift DE21999999990000010819
13423;10784;12.10.2025;-2460,91;Lastschrift DE76999999990000010784
10917;10651;12.08.2025;8912,39;"Miete April; Konto DE33999999990000010651"
13906;10399;06.10.2025;8403,10;Überweisung an Elke Hasselbach
12415;10784;19.04.2025;5972,40;Rechnung 2024-9079, Rückfragen unter 0727/477993-39
15810;10210;17.08.2025;7403,98;Überweisung an Andreas Illigen
12926;10441;15.09.2025;3832,39;Lastschrift DE03999999990000010441
13353;10098;24.04.2025;3151,55;"Miete Oktober; Konto DE20999999990000010098"
11736;10756;20.03.2025;-1222,43;Rechnung 2024-2179, Rückfragen unter 0417/282553-17
11246;10658;27.07.2025;1790,56;Rückzahlung an dieter.muehlbauer@beispiel-firma.de
14655;10490;22.11.2025;269,29;Rückzahlung an norbert.gruenwald@beispiel-firma.de
14865;10728;19.12.2025;7840,24;Gutschrift Vorgang 3929
13787;10672;25.11.2025;5259,42;Rechnung 2024-2314, Rückfragen unter +49 63 43283493
11428;10203;06.10.2025;536,82;Überweisung an Irene Niederegger
10336;10420;14.08.2025;477,22;Lastschrift DE72999999990000010420
11106;10119;13.07.2025;2031,67;Beitrag Dezember – Kundennummer 10119
15159;10266;26.06.2025;4588,02;"Miete Februar; Konto DE08999999990000010266"
10035;10504;28.12.2025;1988,69;"Miete Dezember; Konto DE66999999990000010504"
12926;10546;13.08.2025;-1156,30;Gutschrift Vorgang 0143
11358;10609;05.07.2025;8231,31;Überweisung an Elke Vollmering
12863;10770;10.02.2025;5277,91;Dauerauftrag März
14088;10595;16.05.2025;2340,92;Rechnung 2024-4009, Rückfragen unter (045) 2905539
13934;10266;03.03.2025;1276,82;Rückzahlung an christoph.thelen@beispiel-firma.de
14732;10469;07.04.2025;5294,30;Gutschrift Vorgang 1110
14228;10791;21.03.2025;7556,89;Rechnung 2024-1801, Rückfragen unter (061) 1357527
10672;10812;28.07.2025;327,33;Beitrag Januar – Kundennummer 10812
10084;10427;15.04.2025;4327,65;Dauerauftrag August
11365;10658;21.12.2025;1190,32;Rückzahlung an dieter.muehlbauer@beispiel-firma.de
11911;10084;01.12.2025;-1747,58;Lastschrift DE06999999990000010084
14830;10476;02.08.2025;3327,56;"Miete April; Konto DE38999999990000010476"
13136;10455;29.09.2025;-349,76;Dauerauftrag Oktober
10056;10035;21.02.2025;1686,84;Beitrag Februar – Kundennummer 10035
12779;10056;20.06.2025;4097,64;Überweisung an Peter Achterberg
13367;10035;04.03.2025;5374,82;Rückzahlung an anja.gruenwald@beispiel-firma.de
14697;10035;05.02.2025;1198,32;"Miete September; Konto DE47999999990000010035"
15523;10784;06.06.2025;2761,16;Lastschrift DE76999999990000010784
15285;10686;18.05.2025;1520,52;Rückzahlung an bernd.reinsberg@beispiel-firma.de
14802;10371;04.05.2025;8089,07;Rechnung 2024-1492, Rückfragen unter +49 50 87076939
11876;10098;19.09.2025;5755,31;Gutschrift Vorgang 8496
11526;10217;18.03.2025;2511,60;Überweisung an Irene Kettenbach
12590;10070;21.06.2025;-2449,34;"Miete Juli; Konto DE82999999990000010070"
14788;10091;13.02.2025;6819,98;Lastschrift DE13999999990000010091
14438;10560;21.12.2025;1749,63;"Miete Dezember; Konto DE32999999990000010560"
15544;10259;19.06.2025;6652,10;Rechnung 2024-5121, Rückfragen unter (068) 4447597
12184;10714;16.12.2025;7083,29;Überweisung an Dieter Fassbender
12289;10308;18.04.2025;2427,06;Überweisung an Olaf Zangerle
11974;10791;13.10.2025;7438,61;Dauerauftrag Januar
10035;10175;06.01.2025;5680,29;Rückzahlung an franziska.fassbender@beispiel-firma.de
11974;10455;25.09.2025;3592,59;"Miete April; Konto DE17999999990000010455"
15313;10077;27.04.2025;-633,14;Beitrag Juli – Kundennummer 10077
11246;10441;15.12.2025;7644,67;Dauerauftrag November
14417;10791;17.04.2025;-2621,66;Lastschrift DE83999999990000010791
12002;10595;01.06.2025;1814,57;Gutschrift Vorgang 3967
14830;10742;12.11.2025;4082,80;Rechnung 2024-0226, Rückfragen unter +49 86 96553228
15250;10266;28.12.2025;-2007,05;Rückzahlung an christoph.thelen@beispiel-firma.de
12779;10686;30.10.2025;-853,50;Dauerauftrag August
10308;10098;28.10.2025;3575,33;Beitrag Januar – Kundennummer 10098
12233;10749;11.11.2025;5101,43;"Miete November; Konto DE41999999990000010749"
11358;10336;28.02.2025;2413,24;Rechnung 2024-6422, Rückfragen unter +49 42 5058873
14648;10595;01.03.2025;3373,32;Dauerauftrag Juni
12653;10147;19.02.2025;4969,89;Beitrag Februar – Kundennummer 10147
11484;10483;06.11.2025;475,31;Lastschrift DE45999999990000010483
15390;10616;19.12.2025;-1345,22;"Miete Dezember; Konto DE88999999990000010616"
11015;10595;31.08.2025;2654,97;Dauerauftrag September
13003;10217;07.09.2025;6197,42;Lastschrift DE49999999990000010217
10952;10315;26.08.2025;6175,10;Rechnung 2024-8617, Rückfragen unter 0374/947680-49
15068;10399;22.01.2025;6626,46;Gutschrift Vorgang 8115
15775;10217;16.01.2025;2454,11;Beitrag Mai – Kundennummer 10217
11337;10350;14.06.2025;6347,31;Gutschrift Vorgang 0977
13458;10273;11.12.2025;6001,90;Beitrag September – Kundennummer 10273
10462;10819;01.03.2025;951,75;Dauerauftrag Oktober
11323;10371;25.06.2025;-1365,88;Lastschrift DE23999999990000010371
15789;10623;17.02.2025;2521,77;"Miete Juli; Konto DE05999999990000010623"
12548;10609;24.12.2025;5701,26;Rechnung 2024-5780, Rückfragen unter +49 42 84067603
12695;10133;29.05.2025;-5,09;Dauerauftrag August
11631;10056;19.09.2025;8204,79;Gutschrift Vorgang 5312
14634;10525;18.11.2025;222,36;Dauerauftrag März
10266;10665;03.04.2025;5284,43;Lastschrift DE47999999990000010665
15110;10581;25.09.2025;7444,62;"Miete April; Konto DE53999999990000010581"
12555;10273;13.02.2025;4937,94;Gutschrift Vorgang 2550
13059;10553;23.09.2025;8770,50;Überweisung an Gisela Thelen
11470;10448;22.11.2025;-246,70;Beitrag Dezember – Kundennummer 10448
11981;10126;20.01.2025;8925,43;Überweisung an Norbert Hasselbach
15180;10098;12.04.2025;2420,12;Gutschrift Vorgang 2646
15285;10357;15.11.2025;7727,47;Gutschrift Vorgang 1076
15145;10399;08.11.2025;2011,46;"Miete August; Konto DE51999999990000010399"
13528;10203;23.11.2025;5505,73;Gutschrift Vorgang 9177
13444;10028;28.11.2025;7256,32;Rückzahlung an norbert.zangerle@beispiel-firma.de
14039;10630;15.11.2025;-27,34;Rechnung 2024-9085, Rückfragen unter +49 33 22762164
15523;10063;08.08.2025;150,95;Rechnung 2024-1869, Rückfragen unter (054) 3316722
12338;10070;15.08.2025;7370,46;Rechnung 2024-2177, Rückfragen unter 0791/239987-63
13906;10371;22.09.2025;702,61;Dauerauftrag April
11267;10371;04.09.2025;8432,46;"Miete Dezember; Konto DE23999999990000010371"
12142;10784;05.01.2025;-2260,91;Lastschrift DE76999999990000010784
15565;10147;24.04.2025;-2986,48;Rückzahlung an renate.achterberg@beispiel-firma.de
15579;10287;12.01.2025;2039,77;Rechnung 2024-9436, Rückfragen unter 0808/783452-58
11253;10021;06.09.2025;8326,01;Gutschrift Vorgang 5122
10476;10364;06.08.2025;-2973,42;Lastschrift DE16999999990000010364
15656;10616;30.04.2025;-697,35;Rechnung 2024-7879, Rückfragen unter 0647/689141-39
13430;10420;13.05.2025;2419,39;Gutschrift Vorgang 5516
12233;10812;11.07.2025;8584,03;Gutschrift Vorgang 2681
12240;10539;19.08.2025;434,36;Überweisung an Elke Achterberg
14172;10490;15.02.2025;-405,72;Rückzahlung an norbert.gruenwald@beispiel-firma.de
12919;10203;22.01.2025;3990,50;Überweisung an Irene Niederegger
11694;10378;27.02.2025;6879,54;Rückzahlung an frank.vollmering@beispiel-firma.de
11526;10721;18.11.2025;8208,59;Dauerauftrag November
11120;10224;14.05.2025;4803,79;Beitrag September – Kundennummer 10224
11680;10833;08.06.2025;-1615,34;"Miete Oktober; Konto DE35999999990000010833"
15026;10539;21.04.2025;155,88;Beitrag April – Kundennummer 10539
14858;10616;27.08.2025;4607,08;Gutschrift Vorgang 8798
11750;10091;21.07.2025;-2406,04;"Miete November; Konto DE13999999990000010091"
12940;10539;08.12.2025;2302,94;Beitrag Juli – Kundennummer 10539
11946;10147;29.10.2025;-1846,40;Überweisung an Renate Achterberg
14305;10756;12.09.2025;5803,64;Gutschrift Vorgang 9588
10280;10182;01.05.2025;1810,34;Rückzahlung an peter.zangerle@beispiel-firma.de
10105;10553;20.06.2025;-586,80;Dauerauftrag November
14928;10427;10.04.2025;5359,46;Überweisung an Heike Niederegger
11995;10455;11.06.2025;-2398,42;Beitrag Februar – Kundennummer 10455
14459;10434;07.03.2025;4932,47;Gutschrift Vorgang 7070
13248;10686;12.08.2025;5983,58;Rückzahlung an bernd.reinsberg@beispiel-firma.de
12597;10819;29.01.2025;7313,07;Beitrag September – Kundennummer 10819
13150;10700;01.03.2025;7578,08;Überweisung an Holger Baumgartner
13339;10742;20.09.2025;6293,57;Überweisung an Frank Jahnke
15754;10273;11.02.2025;6765,98;Rechnung 2024-0146, Rückfragen unter 0248/593368-61
13962;10791;21.09.2025;-2051,36;Gutschrift Vorgang 3750
14669;10336;04.08.2025;5644,19;Beitrag Januar – Kundennummer 10336
10903;10245;01.04.2025;7245,22;Lastschrift DE77999999990000010245
15516;10616;11.03.2025;-457,36;Überweisung an Ingo Pflüger
15068;10518;24.05.2025;-322,67;Rechnung 2024-9849, Rückfragen unter 0665/704340-35
11540;10833;11.12.2025;3131,02;Beitrag Dezember – Kundennummer 10833
12674;10735;25.04.2025;1291,84;Rückzahlung an doris.muehlbauer@beispiel-firma.de
12597;10336;03.11.2025;-2910,86;Dauerauftrag Oktober
14676;10098;26.12.2025;8585,67;Lastschrift DE20999999990000010098
13269;10798;01.03.2025;-1312,41;Lastschrift DE90999999990000010798
15096;10245;25.01.2025;2218,85;Lastschrift DE77999999990000010245
15313;10434;25.07.2025;-2040,10;"Miete Januar; Konto DE86999999990000010434"
12226;10280;22.11.2025;7421,87;Überweisung an Peter Pflüger
10105;10651;18.05.2025;6154,57;Überweisung an Claudia Jahnke
12961;10707;18.01.2025;3477,15;Beitrag Januar – Kundennummer 10707
10301;10476;05.10.2025;-422,94;"Miete Juni; Konto DE38999999990000010476"
14431;10028;12.09.2025;2351,45;Rückzahlung an norbert.zangerle@beispiel-firma.de
14970;10322;17.08.2025;5870,99;Beitrag Mai – Kundennummer 10322
13927;10714;30.07.2025;-2668,14;Überweisung an Dieter Fassbender
15278;10448;12.06.2025;899,67;Beitrag September – Kundennummer 10448
10560;10378;06.04.2025;3048,16;Gutschrift Vorgang 9739
15348;10420;30.06.2025;1346,94;Dauerauftrag Juli
12380;10245;28.07.2025;-761,23;Überweisung an Gisela Niederegger
14669;10035;20.01.2025;4059,39;Gutschrift Vorgang 4772
15705;10252;20.10.2025;3089,84;"Miete März; Konto DE84999999990000010252"
10714;10539;15.01.2025;2015,48;Rechnung 2024-1772, Rückfragen unter 0511/563418-82
15229;10658;28.12.2025;7049,12;"Miete Mai; Konto DE40999999990000010658"
11176;10294;05.11.2025;3081,56;Lastschrift DE36999999990000010294
10399;10252;31.12.2025;6920,67;Beitrag April – Kundennummer 10252
13318;10525;09.12.2025;230,55;"Miete Juni; Konto DE87999999990000010525"
12947;10469;07.05.2025;-139,55;Lastschrift DE31999999990000010469
13409;10294;28.01.2025;6210,15;Dauerauftrag September
11085;10672;17.12.2025;4491,85;Lastschrift DE54999999990000010672
14515;10056;07.09.2025;2040,73;Gutschrift Vorgang 0655
11190;10224;01.08.2025;-2881,24;Rückzahlung an peter.cordes@beispiel-firma.de
14858;10042;11.02.2025;6878,96;"Miete November; Konto DE54999999990000010042"
14172;10399;15.07.2025;1560,60;Lastschrift DE51999999990000010399
14410;10819;24.10.2025;-2849,64;Gutschrift Vorgang 8863
13885;10623;01.04.2025;7524,20;Rückzahlung an nadine.wachsmuth@beispiel-firma.de
10434;10630;22.09.2025;3634,93;Gutschrift Vorgang 8811
13689;10504;14.08.2025;4386,01;Gutschrift Vorgang 4783
13724;10287;18.10.2025;-2792,24;Beitrag Oktober – Kundennummer 10287
10567;10595;10.09.2025;6187,86;Gutschrift Vorgang 7847
14277;10490;21.02.2025;7654,62;Gutschrift Vorgang 1821
13199;10679;20.10.2025;1306,40;Überweisung an Anja Steinkamp
11141;10504;16.03.2025;-2580,69;Dauerauftrag Juni
11127;10175;26.01.2025;3650,49;Lastschrift DE07999999990000010175
11113;10525;20.09.2025;5222,42;Rechnung 2024-9476, Rückfragen unter 0459/639653-35
14004;10161;11.06.2025;1522,53;Rechnung 2024-3365, Rückfragen unter (065) 2231322
11337;10028;14.12.2025;-265,82;Rechnung 2024-0980, Rückfragen unter (055) 3054326
11680;10651;27.03.2025;-802,17;Rückzahlung an claudia.jahnke@beispiel-firma.de
12310;10567;01.10.2025;4314,72;"Miete Juli; Konto DE39999999990000010567"
14928;10434;18.08.2025;-8,67;Gutschrift Vorgang 5050
14753;10805;04.05.2025;7794,61;Rückzahlung an heike.kettenbach@beispiel-firma.de
14893;10294;29.04.2025;-1778,38;Dauerauftrag Juli
11435;10063;13.11.2025;5238,25;Rechnung 2024-0561, Rückfragen unter (054) 3316722
11890;10091;31.05.2025;1007,77;Beitrag November – Kundennummer 10091
14704;10105;23.04.2025;2680,32;Dauerauftrag Mai
10791;10098;25.07.2025;8708,98;Lastschrift DE20999999990000010098
14277;10651;17.12.2025;728,18;Dauerauftrag September
13927;10812;29.12.2025;4388,17;Rechnung 2024-2615, Rückfragen unter 0668/474264-40
10707;10490;15.04.2025;-2848,11;Beitrag Oktober – Kundennummer 10490
13710;10756;17.05.2025;104,14;Beitrag Oktober – Kundennummer 10756
11239;10063;24.05.2025;5969,67;Lastschrift DE75999999990000010063
15005;10588;02.08.2025;7669,22;Lastschrift DE60999999990000010588
10077;10378;14.02.2025;6107,54;"Miete August; Konto DE30999999990000010378"
10140;10686;08.06.2025;4280,93;Rückzahlung an bernd.reinsberg@beispiel-firma.de
12226;10833;10.06.2025;148,07;Lastschrift DE35999999990000010833
12408;10798;22.12.2025;6434,35;Beitrag Januar – Kundennummer 10798
13892;10749;02.06.2025;1265,62;Überweisung an Anja Dettmer
11407;10686;01.05.2025;7040,45;Beitrag Februar – Kundennummer 10686
15803;10679;01.05.2025;-10,99;Überweisung an Anja Steinkamp
11113;10357;12.09.2025;7155,69;Beitrag Juli – Kundennummer 10357
11827;10112;16.05.2025;-631,49;"Miete Mai; Konto DE34999999990000010112"
13220;10280;07.10.2025;1904,70;Dauerauftrag Dezember
12450;10658;30.04.2025;2479,76;Beitrag März – Kundennummer 10658
15131;10042;07.03.2025;2570,57;Lastschrift DE54999999990000010042
12849;10679;02.10.2025;3333,69;Überweisung an Anja Steinkamp
12569;10175;06.06.2025;926,87;Gutschrift Vorgang 8544
13080;10791;03.02.2025;7152,38;"Miete November; Konto DE83999999990000010791"
10889;10301;14.08.2025;8638,88;Dauerauftrag September
15754;10098;10.03.2025;5297,44;Rechnung 2024-6590, Rückfragen unter +49 74 99994161
12002;10168;01.02.2025;-2160,79;Gutschrift Vorgang 3202
12898;10742;17.05.2025;2691,40;Gutschrift Vorgang 2697
15712;10441;18.09.2025;7,70;Gutschrift Vorgang 9586
15418;10161;10.11.2025;800,26;Rückzahlung an claudia.muehlbauer@beispiel-firma.de
15390;10756;21.08.2025;6709,06;Rechnung 2024-4279, Rückfragen unter 0417/282553-17
10259;10777;25.04.2025;4265,56;Lastschrift DE69999999990000010777
14634;10595;10.09.2025;8673,94;Dauerauftrag September
10658;10294;04.11.2025;8282,69;Lastschrift DE36999999990000010294
11505;10567;27.06.2025;-2904,45;Beitrag August – Kundennummer 10567
15068;10161;11.02.2025;1306,06;Rückzahlung an claudia.muehlbauer@beispiel-firma.de
15033;10021;20.06.2025;8626,45;Rechnung 2024-1600, Rückfragen unter (050) 8781818
12835;10742;10.10.2025;-1569,80;Dauerauftrag Juni
14585;10210;24.08.2025;2762,99;Beitrag Oktober – Kundennummer 10210
10049;10630;08.07.2025;5442,72;Rückzahlung an ingo.niederegger@beispiel-firma.de
12212;10630;13.10.2025;-2087,85;Beitrag Mai – Kundennummer 10630
12849;10126;05.07.2025;-897,09;"Miete September; Konto DE48999999990000010126"
10126;10497;04.09.2025;-1058,47;"Miete Oktober; Konto DE59999999990000010497"
13332;10091;22.05.2025;8028,49;Überweisung an Birgit Thelen
10021;10497;07.11.2025;-2245,44;Beitrag Dezember – Kundennummer 10497
11316;10658;11.05.2025;1803,78;Gutschrift Vorgang 1616
10175;10224;12.07.2025;-1620,12;Rückzahlung an peter.cordes@beispiel-firma.de
12317;10455;29.09.2025;6978,73;Dauerauftrag Juli
15537;10553;01.08.2025;5106,26;Rückzahlung an gisela.thelen@beispiel-firma.de
12219;10462;24.11.2025;5634,17;Rückzahlung an olaf.baumgartner@beispiel-firma.de
12625;10525;25.02.2025;73,71;"Miete Januar; Konto DE87999999990000010525"
11519;10455;03.06.2025;1045,40;Gutschrift Vorgang 7896
13661;10560;25.04.2025;851,98;Dauerauftrag März
13423;10315;19.01.2025;5712,19;Dauerauftrag Juni
12317;10063;09.03.2025;-2113,13;Rechnung 2024-9707, Rückfragen unter (054) 3316722
10714;10756;13.01.2025;6726,95;"Miete Mai; Konto DE48999999990000010756"
14550;10028;28.01.2025;3925,77;Überweisung an Norbert Zangerle
13962;10021;15.08.2025;8663,72;"Miete Februar; Konto DE33999999990000010021"
14599;10784;25.09.2025;262,25;Dauerauftrag Mai
13710;10007;24.12.2025;-288,77;Gutschrift Vorgang 5677
12198;10126;27.04.2025;2956,79;Rückzahlung an norbert.hasselbach@beispiel-firma.de
11666;10511;19.03.2025;-413,87;Lastschrift DE73999999990000010511
11862;10679;07.09.2025;8554,12;Rechnung 2024-2018, Rückfragen unter 0791/809370-64
12499;10476;29.09.2025;5316,62;Gutschrift Vorgang 1283
13591;10133;18.09.2025;8536,29;Überweisung an Gisela Vollmering
10175;10609;09.07.2025;6135,12;Überweisung an Elke Vollmering
11491;10497;07.12.2025;540,49;Beitrag Juni – Kundennummer 10497
13815;10126;26.03.2025;5548,86;Beitrag Juni – Kundennummer 10126
14515;10777;29.09.2025;6192,73;Lastschrift DE69999999990000010777
11386;10742;29.10.2025;-1186,50;"Miete Januar; Konto DE34999999990000010742"
11736;10672;15.06.2025;-580,28;Überweisung an Frank Niederegger
13640;10182;01.08.2025;-2457,18;Lastschrift DE14999999990000010182
10133;10119;05.02.2025;6369,69;Überweisung an Monika Fassbender
10973;10399;23.10.2025;5515,00;"Miete Juli; Konto DE51999999990000010399"
13703;10518;27.02.2025;6300,13;Beitrag November – Kundennummer 10518
12184;10224;27.03.2025;1990,77;Lastschrift DE56999999990000010224
11092;10721;08.09.2025;-1806,85;"Miete April; Konto DE13999999990000010721"
10665;10742;30.05.2025;3210,23;Überweisung an Frank Jahnke
11848;10210;18.12.2025;-1114,00;Dauerauftrag Februar
10175;10084;11.07.2025;469,53;Lastschrift DE06999999990000010084
10000;10728;05.03.2025;-2997,92;Rechnung 2024-3228, Rückfragen unter +49 89 75287936
14235;10448;13.12.2025;3703,20;Beitrag Juli – Kundennummer 10448
15719;10679;06.10.2025;7025,14;Lastschrift DE61999999990000010679
13087;10364;23.03.2025;-57,60;Beitrag Juli – Kundennummer 10364
10504;10637;18.04.2025;6935,97;Rückzahlung an irene.hasselbach@beispiel-firma.de
10448;10035;12.01.2025;4124,28;Rückzahlung an anja.gruenwald@beispiel-firma.de
13087;10490;21.03.2025;4249,05;Gutschrift Vorgang 1431
12905;10490;01.09.2025;3136,93;Lastschrift DE52999999990000010490
15747;10805;05.03.2025;3887,79;"Miete Mai; Konto DE07999999990000010805"
13780;10511;09.03.2025;8930,55;Dauerauftrag September
10658;10637;05.06.2025;-2931,73;Gutschrift Vorgang 9843
10091;10721;12.10.2025;4761,52;Überweisung an Jutta Obermeier
13507;10406;08.11.2025;2116,33;Rückzahlung an klaus.thelen@beispiel-firma.de
15425;10434;17.02.2025;4876,81;Rückzahlung an peter.dettmer@beispiel-firma.de
15278;10350;28.01.2025;7445,34;Rechnung 2024-2608, Rückfragen unter +49 71 52489613
13108;10203;08.10.2025;5865,28;"Miete Juli; Konto DE35999999990000010203"
10595;10154;19.03.2025;5260,82;"Miete März; Konto DE76999999990000010154"
13248;10322;26.01.2025;8772,06;Gutschrift Vorgang 3073
10357;10378;12.01.2025;7371,53;"Miete Februar; Konto DE30999999990000010378"
11505;10252;09.06.2025;8205,20;Dauerauftrag Februar
12443;10455;08.10.2025;-362,82;"Miete März; Konto DE17999999990000010455"
10574;10098;06.05.2025;7300,13;"Miete März; Konto DE20999999990000010098"
11876;10735;19.06.2025;5472,93;Beitrag August – Kundennummer 10735
12639;10224;14.07.2025;5450,42;Rückzahlung an peter.cordes@beispiel-firma.de
11904;10329;26.12.2025;-2289,83;"Miete Juli; Konto DE71999999990000010329"
10315;10168;15.11.2025;2587,17;Rückzahlung an ingo.thelen@beispiel-firma.de
15544;10784;19.08.2025;8763,56;Beitrag Oktober – Kundennummer 10784
13122;10784;06.07.2025;-2412,47;Rückzahlung an lars.zangerle@beispiel-firma.de
14347;10434;18.02.2025;7227,51;Gutschrift Vorgang 0509
13192;10168;16.03.2025;-625,63;Rechnung 2024-2803, Rückfragen unter (045) 5403060
11225;10805;21.10.2025;2005,54;Gutschrift Vorgang 7521
12709;10028;23.08.2025;6544,97;Gutschrift Vorgang 0913
12786;10238;18.08.2025;2281,77;Überweisung an Holger Baumgartner
10364;10819;21.02.2025;6838,78;Dauerauftrag April
10637;10084;09.06.2025;5284,24;Gutschrift Vorgang 7006
11106;10161;19.12.2025;759,52;Beitrag August – Kundennummer 10161
10679;10567;04.07.2025;5104,26;Rechnung 2024-0640, Rückfragen unter (049) 3616680
10651;10294;01.07.2025;3877,02;Lastschrift DE36999999990000010294
12149;10385;04.01.2025;8581,17;Lastschrift DE37999999990000010385
15796;10623;05.06.2025;4819,52;"Miete März; Konto DE05999999990000010623"
11617;10098;07.05.2025;6043,42;Beitrag März – Kundennummer 10098
12863;10826;09.02.2025;8660,19;Dauerauftrag Oktober
11603;10049;03.05.2025;1392,70;Rechnung 2024-6159, Rückfragen unter 0604/480379-11
11533;10490;05.06.2025;5051,38;Rechnung 2024-3885, Rückfragen unter 0730/510987-53
10651;10413;30.12.2025;6667,59;Rückzahlung an nadine.thelen@beispiel-firma.de
14235;10784;09.01.2025;6465,38;Beitrag Februar – Kundennummer 10784
13843;10833;21.07.2025;5159,55;Überweisung an Anja Grünwald
13612;10266;19.06.2025;5575,99;Lastschrift DE08999999990000010266
15691;10413;14.07.2025;1661,89;"Miete September; Konto DE65999999990000010413"
13948;10798;15.12.2025;4541,01;Lastschrift DE90999999990000010798
12436;10133;09.06.2025;6003,95;Dauerauftrag April
12030;10651;17.02.2025;4101,91;Überweisung an Claudia Jahnke
15635;10658;28.12.2025;-2287,86;Lastschrift DE40999999990000010658
12380;10224;24.09.2025;2417,85;Dauerauftrag März
12996;10070;15.10.2025;1174,31;Beitrag November – Kundennummer 10070
12611;10434;12.11.2025;1599,78;Überweisung an Peter Dettmer
11267;10014;19.12.2025;5102,98;Lastschrift DE26999999990000010014
14438;10581;20.10.2025;-1247,19;"Miete Juli; Konto DE53999999990000010581"
11484;10077;23.09.2025;8856,64;Überweisung an Renate Thelen
14235;10756;13.11.2025;8545,34;Rückzahlung an andreas.niederegger@beispiel-firma.de
13682;10595;15.01.2025;2185,48;Lastschrift DE67999999990000010595
14032;10546;20.06.2025;8926,40;Gutschrift Vorgang 1305
13955;10217;05.04.2025;5668,11;Gutschrift Vorgang 4898
11631;10161;15.10.2025;3572,51;Rechnung 2024-4732, Rückfragen unter (065) 2231322
10154;10189;02.04.2025;2657,13;Überweisung an Monika Mühlbauer
12695;10602;24.10.2025;5320,13;Lastschrift DE74999999990000010602
12331;10077;20.03.2025;5835,53;Gutschrift Vorgang 3168
13206;10182;23.10.2025;-1073,24;Dauerauftrag Mai
15005;10119;25.12.2025;1445,03;"Miete Juli; Konto DE41999999990000010119"
15026;10112;10.11.2025;3388,36;Rückzahlung an peter.quandtner@beispiel-firma.de
11162;10630;31.01.2025;8716,20;Rückzahlung an ingo.niederegger@beispiel-firma.de
10791;10588;23.03.2025;2968,33;Beitrag November – Kundennummer 10588
11176;10630;31.01.2025;8341,44;Lastschrift DE12999999990000010630
14914;10728;27.07.2025;1707,80;"Miete Juli; Konto DE20999999990000010728"
11407;10042;05.10.2025;940,79;Beitrag Juni – Kundennummer 10042
13892;10742;15.06.2025;4462,61;"Miete Februar; Konto DE34999999990000010742"
11414;10588;01.03.2025;-1183,87;Dauerauftrag April
13234;10049;30.11.2025;8725,23;Beitrag Februar – Kundennummer 10049
15054;10574;03.11.2025;-289,01;Dauerauftrag September
13031;10497;03.06.2025;6788,05;Beitrag Mai – Kundennummer 10497
14312;10686;11.07.2025;7095,52;Rechnung 2024-7036, Rückfragen unter +49 32 75316739
11981;10602;30.09.2025;-363,14;"Miete April; Konto DE74999999990000010602"
14417;10434;14.01.2025;4042,60;Dauerauftrag Februar
14753;10105;06.04.2025;753,88;Rückzahlung an lena.kettenbach@beispiel-firma.de
13843;10812;01.08.2025;-268,27;Rückzahlung an lars.quandtner@beispiel-firma.de
15453;10035;27.02.2025;6388,22;Lastschrift DE47999999990000010035
15530;10287;28.10.2025;-2051,28;Überweisung an Gisela Steinkamp
10693;10567;08.02.2025;-1120,66;Überweisung an Irene Zangerle
10378;10644;16.03.2025;2703,37;Überweisung an Olaf Kettenbach
15012;10735;30.12.2025;-474,92;Dauerauftrag April
13934;10511;02.02.2025;-1663,04;Gutschrift Vorgang 6946
10210;10350;24.01.2025;6167,70;Beitrag Juni – Kundennummer 10350
13661;10427;14.12.2025;3840,00;Beitrag Mai – Kundennummer 10427
10189;10595;15.09.2025;8659,52;Lastschrift DE67999999990000010595
14270;10063;05.04.2025;1225,17;Dauerauftrag November
11967;10056;18.11.2025;-2678,56;Gutschrift Vorgang 5545
12576;10644;27.05.2025;6250,64;Beitrag Mai – Kundennummer 10644
13983;10007;17.04.2025;5695,67;Rückzahlung an irene.baumgartner@beispiel-firma.de
15712;10672;21.02.2025;11,37;"Miete Juli; Konto DE54999999990000010672"
10343;10336;14.12.2025;3030,99;Gutschrift Vorgang 8584
15299;10672;12.12.2025;156,00;"Miete Februar; Konto DE54999999990000010672"
15831;10259;18.07.2025;-1029,88;Beitrag August – Kundennummer 10259
11316;10259;07.01.2025;3511,59;Lastschrift DE91999999990000010259
11449;10140;15.12.2025;-1083,35;Lastschrift DE62999999990000010140
11806;10378;16.01.2025;961,83;Beitrag Januar – Kundennummer 10378
13703;10658;09.10.2025;5138,45;Rechnung 2024-0050, Rückfragen unter +49 54 21773045
14949;10651;11.04.2025;6676,55;Gutschrift Vorgang 9929
10399;10812;08.10.2025;709,33;Rückzahlung an lars.quandtner@beispiel-firma.de
10756;10196;23.01.2025;6704,31;Überweisung an Gerd Reinsberg
15551;10385;29.07.2025;341,40;"Miete April; Konto DE37999999990000010385"
11099;10770;23.01.2025;2384,08;Gutschrift Vorgang 4780
11239;10371;20.10.2025;-1412,03;"Miete Oktober; Konto DE23999999990000010371"
13353;10819;12.07.2025;6542,80;"Miete Juli; Konto DE21999999990000010819"
13836;10756;21.10.2025;1609,19;Überweisung an Andreas Niederegger
14886;10406;10.10.2025;-2185,21;Rückzahlung an klaus.thelen@beispiel-firma.de
10567;10483;30.08.2025;-994,51;Gutschrift Vorgang 5429
11841;10357;14.01.2025;-1826,91;Beitrag Dezember – Kundennummer 10357
14550;10742;19.07.2025;7378,49;Gutschrift Vorgang 2967
10847;10266;12.12.2025;7921,34;Rechnung 2024-9577, Rückfragen unter 0448/718108-47
12989;10756;17.10.2025;-1818,88;Dauerauftrag Januar
12765;10063;30.04.2025;6851,60;Dauerauftrag Oktober
10315;10294;18.06.2025;-499,73;Beitrag Januar – Kundennummer 10294
11526;10567;10.05.2025;6211,93;Beitrag Oktober – Kundennummer 10567
15558;10070;29.09.2025;6325,82;Rückzahlung an martin.baumgartner@beispiel-firma.de
15551;10259;27.06.2025;1910,48;Beitrag Dezember – Kundennummer 10259
13983;10420;04.07.2025;5845,65;Überweisung an Gerd Thelen
11078;10308;23.09.2025;2939,98;Beitrag Dezember – Kundennummer 10308
13703;10805;11.03.2025;1621,16;Dauerauftrag April
11750;10623;27.06.2025;-2827,26;Rückzahlung an nadine.wachsmuth@beispiel-firma.de
14403;10091;22.10.2025;5221,84;Gutschrift Vorgang 8953
10966;10084;23.02.2025;-1139,45;Beitrag Dezember – Kundennummer 10084
11491;10469;04.09.2025;7804,26;"Miete Januar; Konto DE31999999990000010469"
13682;10791;12.03.2025;3648,33;Lastschrift DE83999999990000010791
14389;10007;12.08.2025;8677,27;Dauerauftrag Juni
11596;10287;12.01.2025;3051,50;Rückzahlung an gisela.steinkamp@beispiel-firma.de
14949;10371;05.09.2025;5902,26;Überweisung an Birgit Steinkamp
12177;10056;22.02.2025;6568,15;Dauerauftrag Oktober
11876;10357;03.08.2025;3892,08;Gutschrift Vorgang 2212
13696;10819;04.03.2025;-1786,26;Überweisung an Gisela Thelen
15565;10070;11.05.2025;4259,71;Rückzahlung an martin.baumgartner@beispiel-firma.de
15656;10469;15.07.2025;3800,51;"Miete Oktober; Konto DE31999999990000010469"
10028;10133;05.12.2025;-279,36;"Miete März; Konto DE55999999990000010133"
11610;10182;09.03.2025;-1564,67;Lastschrift DE14999999990000010182
12296;10126;04.05.2025;-1672,77;Rechnung 2024-9736, Rückfragen unter 0779/709203-29
13248;10462;15.11.2025;690,78;Lastschrift DE24999999990000010462
13934;10742;26.08.2025;2453,41;"Miete Dezember; Konto DE34999999990000010742"
12688;10014;22.09.2025;128,56;Gutschrift Vorgang 5190
10434;10224;25.09.2025;5143,19;Überweisung an Peter Cordes
15327;10126;18.11.2025;-581,65;Überweisung an Norbert Hasselbach
12562;10098;19.12.2025;-1976,61;Lastschrift DE20999999990000010098
15607;10175;14.11.2025;7503,40;"Miete September; Konto DE07999999990000010175"
11057;10350;17.03.2025;2689,39;Gutschrift Vorgang 4306
11792;10441;18.03.2025;651,88;Rückzahlung an elke.niederegger@beispiel-firma.de
12254;10784;29.01.2025;-653,29;Überweisung an Lars Zangerle
12198;10679;14.06.2025;-2287,68;Rechnung 2024-7643, Rückfragen unter 0791/809370-64
11547;10763;09.07.2025;5770,84;Überweisung an Doris Wachsmuth
13367;10378;12.10.2025;4127,87;Gutschrift Vorgang 5856
14676;10224;20.04.2025;2593,71;Lastschrift DE56999999990000010224
14053;10798;23.07.2025;5428,84;Rechnung 2024-8474, Rückfragen unter +49 72 40983425
10455;10630;20.02.2025;8180,01;Gutschrift Vorgang 3614
10273;10805;19.08.2025;541,45;Dauerauftrag Juni
13325;10364;13.03.2025;8254,32;Rechnung 2024-0957, Rückfragen unter +49 37 95474822
14298;10308;20.09.2025;1497,93;"Miete Juni; Konto DE50999999990000010308"
15418;10154;20.08.2025;5639,67;Rechnung 2024-1759, Rückfragen unter 0768/847736-82
10063;10154;13.06.2025;3753,34;Gutschrift Vorgang 1758
13157;10364;12.07.2025;1454,58;Lastschrift DE16999999990000010364
10504;10707;19.10.2025;831,81;"Miete Juli; Konto DE89999999990000010707"
11120;10595;24.06.2025;-2636,17;Beitrag Februar – Kundennummer 10595
13941;10826;13.10.2025;8057,57;Gutschrift Vorgang 6893
10329;10091;25.01.2025;1288,89;Rückzahlung an birgit.thelen@beispiel-firma.de
10896;10441;12.10.2025;1899,14;Lastschrift DE03999999990000010441
11596;10539;19.08.2025;-2095,08;Beitrag September – Kundennummer 10539
12212;10441;21.05.2025;-2112,76;Lastschrift DE03999999990000010441
15537;10112;29.03.2025;4698,58;Lastschrift DE34999999990000010112
13038;10266;23.10.2025;5243,32;Lastschrift DE08999999990000010266
14984;10119;26.07.2025;-383,21;Überweisung an Monika Fassbender
15005;10574;14.06.2025;-2143,91;Rechnung 2024-8118, Rückfragen unter +49 73 81194342
10938;10231;09.04.2025;3979,24;Rückzahlung an franziska.achterberg@beispiel-firma.de
15481;10231;09.04.2025;2310,08;Rückzahlung an franziska.achterberg@beispiel-firma.de
10126;10217;07.11.2025;4289,55;Dauerauftrag September
15222;10364;08.12.2025;-32,27;Rückzahlung an norbert.thelen@beispiel-firma.de
13913;10133;21.10.2025;8893,81;Überweisung an Gisela Vollmering
11225;10420;11.10.2025;8954,90;Dauerauftrag September
10861;10035;29.04.2025;3704,01;Überweisung an Anja Grünwald
15467;10357;06.03.2025;4254,21;Beitrag November – Kundennummer 10357
11421;10014;18.09.2025;4141,48;"Miete März; Konto DE26999999990000010014"
11617;10483;07.06.2025;-748,08;Dauerauftrag Dezember
13934;10581;22.08.2025;8865,30;Dauerauftrag April
11372;10105;08.09.2025;6030,61;Dauerauftrag April
10525;10707;02.04.2025;-2936,40;Lastschrift DE89999999990000010707
14886;10161;19.03.2025;-2486,46;Lastschrift DE83999999990000010161
10196;10371;14.10.2025;1243,28;Lastschrift DE23999999990000010371
13598;10763;21.12.2025;4314,35;Überweisung an Doris Wachsmuth
13311;10014;17.02.2025;-939,57;"Miete Juli; Konto DE26999999990000010014"
13892;10749;13.01.2025;-230,73;Dauerauftrag Januar
14921;10532;13.12.2025;6054,18;Rückzahlung an peter.baumgartner@beispiel-firma.de
10903;10287;10.01.2025;1480,12;Überweisung an Gisela Steinkamp
11988;10651;16.02.2025;-2703,74;Rechnung 2024-7818, Rückfragen unter +49 35 80365538
12135;10231;21.03.2025;8751,19;Dauerauftrag Juli
13948;10707;17.02.2025;3747,28;Rückzahlung an birgit.baumgartner@beispiel-firma.de
12926;10693;19.03.2025;8630,66;Überweisung an Doris Kettenbach
15390;10588;23.05.2025;592,60;Lastschrift DE60999999990000010588
15243;10623;03.11.2025;7421,22;Beitrag November – Kundennummer 10623
14032;10497;10.04.2025;8351,92;Gutschrift Vorgang 3801
12786;10119;12.03.2025;-1695,13;Gutschrift Vorgang 7628
11183;10203;21.09.2025;2898,71;Lastschrift DE35999999990000010203
12156;10574;07.11.2025;1805,24;Lastschrift DE46999999990000010574
14837;10042;27.03.2025;4746,13;Beitrag Januar – Kundennummer 10042
15383;10154;16.01.2025;831,69;Überweisung an Andreas Reinsberg
12128;10728;22.09.2025;3025,87;Lastschrift DE20999999990000010728
15145;10392;06.11.2025;-515,44;Dauerauftrag Juni
10210;10280;05.10.2025;-609,34;Rechnung 2024-9421, Rückfragen unter 0541/897555-87
14053;10588;09.05.2025;-1462,67;Gutschrift Vorgang 2615
13871;10392;09.01.2025;8800,73;Beitrag Mai – Kundennummer 10392
14501;10511;20.07.2025;2108,61;Rechnung 2024-6334, Rückfragen unter (050) 7362061
10308;10399;03.09.2025;878,97;Rechnung 2024-9701, Rückfragen unter 0232/307194-20
10532;10357;07.11.2025;-2732,49;Dauerauftrag März
11561;10308;08.03.2025;7086,97;Beitrag September – Kundennummer 10308
10707;10105;24.02.2025;2668,76;Rechnung 2024-9121, Rückfragen unter +49 43 50888355
11862;10616;05.08.2025;7252,02;Gutschrift Vorgang 3218
14116;10168;16.12.2025;1076,22;Überweisung an Ingo Thelen
11260;10560;24.06.2025;-2326,43;Gutschrift Vorgang 6115
12401;10504;20.06.2025;-1790,39;Rechnung 2024-4539, Rückfragen unter +49 56 54937953
15516;10588;29.10.2025;6836,94;Dauerauftrag Dezember
15810;10700;14.02.2025;7805,23;Dauerauftrag Januar
10427;10812;08.04.2025;5437,93;Rechnung 2024-3751, Rückfragen unter 0668/474264-40
12723;10035;14.12.2025;2861,15;Rechnung 2024-3976, Rückfragen unter +49 86 76464505
10504;10672;26.06.2025;2973,88;Beitrag April – Kundennummer 10672
12807;10014;25.08.2025;4532,83;Rückzahlung an peter.illigen@beispiel-firma.de
13682;10581;06.02.2025;7820,81;Dauerauftrag November
14186;10077;07.10.2025;3418,67;Rechnung 2024-4278, Rückfragen unter (033) 7834537
13822;10014;27.12.2025;6331,98;Dauerauftrag Juli
13136;10406;06.07.2025;-344,41;Gutschrift Vorgang 8387
13913;10490;28.09.2025;5426,64;Rückzahlung an norbert.gruenwald@beispiel-firma.de
14893;10406;12.06.2025;4725,63;Gutschrift Vorgang 4501
12079;10560;28.12.2025;-2720,11;Gutschrift Vorgang 4559
12870;10287;24.01.2025;8625,79;Lastschrift DE29999999990000010287
11274;10469;02.04.2025;2400,14;Dauerauftrag November
12142;10791;14.01.2025;-2952,40;Dauerauftrag Juli
12807;10007;13.03.2025;2831,93;Rückzahlung an irene.baumgartner@beispiel-firma.de
12443;10756;28.07.2025;-1115,16;Überweisung an Andreas Niederegger
11295;10273;20.04.2025;2836,28;Gutschrift Vorgang 6267
15719;10343;30.01.2025;-1697,34;Dauerauftrag Februar
14431;10000;21.11.2025;-2512,94;Beitrag Juli – Kundennummer 10000
12737;10693;19.04.2025;-631,84;Beitrag Januar – Kundennummer 10693
15733;10028;20.02.2025;8487,66;"Miete Dezember; Konto DE40999999990000010028"
10000;10581;06.04.2025;5548,24;Lastschrift DE53999999990000010581
13836;10329;25.11.2025;7062,48;Rückzahlung an nadine.uhlenbrock@beispiel-firma.de
11092;10581;25.09.2025;1471,35;Überweisung an Jutta Quandtner
11820;10553;23.08.2025;8036,43;Überweisung an Gisela Thelen
15495;10735;24.01.2025;5972,91;Beitrag Juli – Kundennummer 10735
11085;10749;01.08.2025;102,04;Rechnung 2024-9624, Rückfragen unter (035) 3758599
11239;10616;11.12.2025;9,13;Dauerauftrag Januar
12450;10154;28.01.2025;-239,79;Beitrag März – Kundennummer 10154
10511;10574;10.09.2025;5253,34;Rückzahlung an elias.quandtner@beispiel-firma.de
15558;10259;20.03.2025;5539,22;"Miete April; Konto DE91999999990000010259"
10378;10007;16.11.2025;56,42;Gutschrift Vorgang 9562
15250;10483;27.10.2025;3334,54;Lastschrift DE45999999990000010483
13843;10672;19.12.2025;706,98;Rechnung 2024-7807, Rückfragen unter +49 63 43283493
12177;10098;24.04.2025;4480,23;Lastschrift DE20999999990000010098
10196;10021;02.02.2025;972,11;Rückzahlung an monika.illigen@beispiel-firma.de
12282;10294;16.10.2025;-1615,91;Dauerauftrag Juni
14977;10497;19.09.2025;-1807,59;Rückzahlung an elke.lindhorst@beispiel-firma.de
12576;10161;21.05.2025;7885,28;"Miete November; Konto DE83999999990000010161"
11127;10252;31.05.2025;4584,66;Beitrag Mai – Kundennummer 10252
14018;10056;25.10.2025;7797,71;Dauerauftrag Februar
14459;10616;14.06.2025;4748,88;Gutschrift Vorgang 1402
11624;10266;28.08.2025;3489,33;"Miete Juli; Konto DE08999999990000010266"
14935;10252;06.04.2025;7814,40;"Miete September; Konto DE84999999990000010252"
14893;10028;22.07.2025;128,25;Beitrag Juli – Kundennummer 10028
12548;10427;18.10.2025;4092,91;Dauerauftrag August
15278;10322;14.07.2025;5602,35;Rückzahlung an norbert.hasselbach@beispiel-firma.de
14263;10441;03.09.2025;8360,29;Beitrag August – Kundennummer 10441
11302;10742;29.09.2025;-2503,12;Überweisung an Frank Jahnke
10700;10434;09.01.2025;4175,15;Rechnung 2024-8514, Rückfragen unter (050) 1129617
12471;10203;16.10.2025;4022,43;Beitrag Juli – Kundennummer 10203
13031;10560;06.02.2025;7850,66;Lastschrift DE32999999990000010560
15397;10651;10.04.2025;7741,67;Beitrag Dezember – Kundennummer 10651
13346;10833;03.03.2025;4434,75;Gutschrift Vorgang 0783
13955;10476;23.08.2025;-1966,64;Rückzahlung an norbert.zangerle@beispiel-firma.de
13290;10483;09.04.2025;4171,71;Gutschrift Vorgang 3121
10924;10021;01.11.2025;-599,27;Rechnung 2024-6351, Rückfragen unter (050) 8781818
15313;10511;22.03.2025;481,53;Gutschrift Vorgang 0276
12569;10119;11.08.2025;-2796,06;Rückzahlung an monika.fassbender@beispiel-firma.de
13437;10469;13.10.2025;-2521,17;Beitrag Juli – Kundennummer 10469
14193;10581;15.12.2025;6541,78;Lastschrift DE53999999990000010581
13458;10735;26.02.2025;6639,18;Dauerauftrag Juni
13934;10028;14.05.2025;3135,34;"Miete Juni; Konto DE40999999990000010028"
15740;10665;01.01.2025;6641,64;Gutschrift Vorgang 7952
13206;10084;19.06.2025;2170,30;Gutschrift Vorgang 4657
15208;10497;25.02.2025;2892,13;Gutschrift Vorgang 6269
11708;10231;16.07.2025;5740,05;"Miete März; Konto DE63999999990000010231"
11680;10245;08.05.2025;-95,16;Beitrag Dezember – Kundennummer 10245
12877;10518;06.03.2025;8385,23;Beitrag Mai – Kundennummer 10518
10770;10595;14.04.2025;3890,95;"Miete Januar; Konto DE67999999990000010595"
12240;10035;05.04.2025;-1102,86;Überweisung an Anja Grünwald
15705;10364;29.03.2025;-866,04;Überweisung an Norbert Thelen
14585;10574;07.04.2025;2995,66;Rechnung 2024-3894, Rückfragen unter +49 73 81194342
14298;10098;18.03.2025;2112,02;Rechnung 2024-9643, Rückfragen unter +49 74 99994161
11666;10007;04.10.2025;6890,02;Gutschrift Vorgang 4594
12037;10469;04.08.2025;7215,94;Rückzahlung an birgit.steinkamp@beispiel-firma.de
14291;10441;18.03.2025;7590,67;"Miete Oktober; Konto DE03999999990000010441"
13010;10140;09.10.2025;4308,01;Rückzahlung an dieter.fassbender@beispiel-firma.de
14508;10077;10.07.2025;4189,77;Rückzahlung an renate.thelen@beispiel-firma.de
11225;10658;14.10.2025;3144,91;Dauerauftrag August
15747;10119;22.02.2025;6545,23;Beitrag April – Kundennummer 10119
15236;10609;26.08.2025;6074,94;Lastschrift DE81999999990000010609
11953;10574;30.12.2025;7923,54;Überweisung an Elias Quandtner
13374;10588;07.07.2025;8085,32;Beitrag Juni – Kundennummer 10588
14753;10707;17.04.2025;-2312,70;"Miete April; Konto DE89999999990000010707"
15488;10644;01.05.2025;-495,91;Gutschrift Vorgang 3266
12338;10014;21.12.2025;7718,90;Dauerauftrag April
12758;10238;23.01.2025;6579,02;"Miete August; Konto DE70999999990000010238"
13339;10196;11.02.2025;8562,27;Überweisung an Gerd Reinsberg
12464;10826;30.12.2025;7265,07;"Miete August; Konto DE28999999990000010826"
11197;10616;30.10.2025;8891,11;Überweisung an Ingo Pflüger
10315;10168;15.11.2025;5278,65;Lastschrift DE90999999990000010168
15537;10644;22.01.2025;8505,60;"Miete März; Konto DE26999999990000010644"
14571;10805;20.05.2025;-1854,49;Überweisung an Heike Kettenbach
12079;10679;13.06.2025;3128,91;Beitrag Mai – Kundennummer 10679
11484;10049;10.06.2025;8756,18;Überweisung an Anja Vollmering
11365;10189;07.01.2025;-2744,93;Gutschrift Vorgang 7576
15516;10784;03.04.2025;5945,71;Überweisung an Lars Zangerle
12443;10371;21.03.2025;1059,91;Gutschrift Vorgang 0450
12877;10294;19.06.2025;-1849,28;Rechnung 2024-5856, Rückfragen unter (035) 4515181
14109;10812;24.11.2025;-938,63;Beitrag April – Kundennummer 10812
12177;10280;17.05.2025;7683,40;Gutschrift Vorgang 3173
14319;10763;13.12.2025;7090,41;Überweisung an Doris Wachsmuth
10042;10511;07.01.2025;3478,65;"Miete März; Konto DE73999999990000010511"
10476;10819;14.06.2025;1607,21;"Miete Februar; Konto DE21999999990000010819"
15796;10007;03.02.2025;5963,03;Lastschrift DE19999999990000010007
13850;10616;07.08.2025;2078,27;Überweisung an Ingo Pflüger
13703;10595;23.06.2025;-1261,08;Rechnung 2024-2339, Rückfragen unter (045) 2905539
12506;10000;08.10.2025;5046,82;"Miete August; Konto DE12999999990000010000"
14599;10539;05.05.2025;-131,43;Beitrag Juni – Kundennummer 10539
10245;10098;07.02.2025;-1896,42;Gutschrift Vorgang 9548
14025;10504;20.11.2025;6173,28;Beitrag März – Kundennummer 10504
10336;10196;06.05.2025;4243,53;Dauerauftrag Juli
15628;10770;04.11.2025;2373,28;Dauerauftrag Dezember
10882;10140;29.05.2025;5958,90;Gutschrift Vorgang 3394
11099;10826;21.05.2025;3536,24;Dauerauftrag Februar
15467;10182;01.10.2025;-185,57;Gutschrift Vorgang 7616
10343;10322;04.08.2025;4727,15;Rechnung 2024-2220, Rückfragen unter +49 36 39894836
10945;10700;24.03.2025;354,93;Lastschrift DE82999999990000010700
10196;10042;26.09.2025;7046,07;Lastschrift DE54999999990000010042
11603;10364;20.03.2025;588,86;Dauerauftrag Januar
13066;10231;11.01.2025;1320,59;Überweisung an Franziska Achterberg
10672;10651;18.04.2025;-2803,69;"Miete Juli; Konto DE33999999990000010651"
14438;10336;27.08.2025;-731,41;"Miete Juli; Konto DE78999999990000010336"
14354;10364;22.05.2025;2120,56;Gutschrift Vorgang 2291
15026;10476;01.04.2025;8101,18;Lastschrift DE38999999990000010476
10035;10014;04.08.2025;-2913,68;Rechnung 2024-3895, Rückfragen unter (033) 8248381
15495;10749;16.09.2025;3549,65;Rückzahlung an anja.dettmer@beispiel-firma.de
12653;10553;24.03.2025;-1368,21;Dauerauftrag Mai
15523;10483;10.07.2025;5271,28;Dauerauftrag Mai
12562;10245;24.12.2025;8991,66;Lastschrift DE77999999990000010245
14361;10308;08.04.2025;5815,79;Dauerauftrag August
11806;10679;19.10.2025;6941,17;Rechnung 2024-1392, Rückfragen unter 0791/809370-64
11974;10406;30.06.2025;1572,33;Gutschrift Vorgang 5558
14830;10497;17.12.2025;3931,08;Rechnung 2024-6725, Rückfragen unter +49 60 82966050
15530;10644;05.03.2025;3146,08;Rückzahlung an olaf.kettenbach@beispiel-firma.de
12275;10483;23.03.2025;4776,00;Rückzahlung an petra.lindhorst@beispiel-firma.de
10679;10231;04.03.2025;3847,90;Rechnung 2024-7700, Rückfragen unter 0564/279200-99
12226;10210;24.02.2025;-2775,21;Überweisung an Andreas Illigen
10154;10763;29.07.2025;6385,78;Rechnung 2024-8731, Rückfragen unter +49 35 78788331
13444;10511;02.01.2025;-1888,78;Beitrag November – Kundennummer 10511
13752;10154;24.09.2025;6661,05;Überweisung an Andreas Reinsberg
11666;10077;05.10.2025;5040,55;Dauerauftrag Juli
14368;10756;05.09.2025;2724,18;Gutschrift Vorgang 6612
11428;10707;07.11.2025;31,84;Gutschrift Vorgang 1117
11505;10140;04.01.2025;-74,90;Rückzahlung an dieter.fassbender@beispiel-firma.de
12772;10721;22.04.2025;764,93;Lastschrift DE13999999990000010721
15649;10217;21.02.2025;5071,40;Überweisung an Irene Kettenbach
12702;10553;14.12.2025;2618,88;Rückzahlung an gisela.thelen@beispiel-firma.de
15040;10735;11.01.2025;1047,60;Beitrag Juli – Kundennummer 10735
10126;10469;24.01.2025;2266,22;"Miete Januar; Konto DE31999999990000010469"
14753;10196;16.07.2025;3164,06;Gutschrift Vorgang 6820
15495;10602;28.12.2025;-164,45;Rückzahlung an frank.reinsberg@beispiel-firma.de
11225;10154;31.07.2025;5255,01;Gutschrift Vorgang 1092
12625;10623;04.07.2025;8300,21;Dauerauftrag Juli
14697;10175;04.03.2025;6040,77;Gutschrift Vorgang 6519
15117;10049;07.12.2025;8216,57;Rückzahlung an anja.vollmering@beispiel-firma.de
14473;10273;20.12.2025;3808,45;Lastschrift DE15999999990000010273
11953;10476;13.02.2025;1698,74;Überweisung an Norbert Zangerle
12842;10798;02.07.2025;-1942,75;Dauerauftrag März
10147;10784;23.08.2025;5568,90;Überweisung an Lars Zangerle
13381;10371;22.07.2025;1651,56;Beitrag November – Kundennummer 10371
14011;10637;19.06.2025;803,75;"Miete September; Konto DE19999999990000010637"
13318;10833;15.10.2025;8872,75;Dauerauftrag Januar
14585;10574;15.01.2025;-2779,05;Lastschrift DE46999999990000010574
11092;10224;25.02.2025;5487,83;Lastschrift DE56999999990000010224
14578;10784;24.12.2025;6826,17;Gutschrift Vorgang 6285
13248;10210;06.09.2025;5837,76;Überweisung an Andreas Illigen
10945;10777;15.04.2025;-2634,55;"Miete Januar; Konto DE69999999990000010777"
13801;10420;21.02.2025;4141,11;Überweisung an Gerd Thelen
11988;10378;20.12.2025;6764,06;Rückzahlung an frank.vollmering@beispiel-firma.de
15432;10630;23.02.2025;3521,29;Beitrag November – Kundennummer 10630
11547;10469;14.07.2025;8372,18;Rechnung 2024-5994, Rückfragen unter +49 57 70945276
14235;10196;09.01.2025;2445,20;Beitrag Juli – Kundennummer 10196
12996;10238;02.11.2025;3575,90;Dauerauftrag Juni
12499;10399;18.04.2025;1656,31;Beitrag März – Kundennummer 10399
14662;10091;05.09.2025;2912,41;Rechnung 2024-7733, Rückfragen unter 0741/131783-19
10007;10350;18.05.2025;7360,07;Rückzahlung an holger.vollmering@beispiel-firma.de
12723;10455;20.11.2025;7131,01;Beitrag Dezember – Kundennummer 10455
14543;10525;10.11.2025;-2745,07;Dauerauftrag Juni
12982;10525;30.07.2025;7974,16;Gutschrift Vorgang 6468
10112;10126;13.01.2025;3517,19;Lastschrift DE48999999990000010126
13780;10826;06.01.2025;-2107,42;Dauerauftrag September
10609;10616;30.03.2025;2134,36;Überweisung an Ingo Pflüger
12996;10833;25.11.2025;-717,67;Gutschrift Vorgang 8990
14032;10574;13.05.2025;6780,49;Dauerauftrag April
10658;10266;10.01.2025;6454,12;Dauerauftrag Januar
11386;10105;14.05.2025;5646,56;Rückzahlung an lena.kettenbach@beispiel-firma.de
13675;10490;26.10.2025;270,60;Lastschrift DE52999999990000010490
12170;10266;17.06.2025;2919,78;Überweisung an Christoph Thelen
14676;10245;19.08.2025;5925,05;Dauerauftrag Oktober
13458;10658;01.03.2025;3408,23;Rechnung 2024-4965, Rückfragen unter +49 54 21773045
10721;10721;28.09.2025;7909,23;Dauerauftrag Oktober
13031;10210;26.03.2025;-2400,17;Dauerauftrag Februar
10672;10371;20.06.2025;5299,84;Rückzahlung an birgit.steinkamp@beispiel-firma.de
13577;10308;23.01.2025;4601,31;Überweisung an Olaf Zangerle
13024;10623;20.05.2025;8220,05;Überweisung an Nadine Wachsmuth
14067;10238;26.01.2025;272,28;Lastschrift DE70999999990000010238
11897;10777;12.02.2025;5762,12;Beitrag Juli – Kundennummer 10777
14109;10616;30.01.2025;-1179,44;Rechnung 2024-9812, Rückfragen unter 0647/689141-39
11953;10399;06.09.2025;-167,87;Lastschrift DE51999999990000010399
14753;10693;13.10.2025;8893,11;Gutschrift Vorgang 7609
11484;10686;28.11.2025;-2368,71;Lastschrift DE68999999990000010686
13045;10637;07.09.2025;8959,55;Dauerauftrag August
11008;10805;02.03.2025;4565,86;"Miete Oktober; Konto DE07999999990000010805"
10070;10567;18.05.2025;4309,39;Überweisung an Irene Zangerle
14844;10763;26.08.2025;-111,48;Rückzahlung an doris.wachsmuth@beispiel-firma.de
10868;10014;07.05.2025;1531,12;Rückzahlung an peter.illigen@beispiel-firma.de
10021;10294;29.10.2025;5624,71;Lastschrift DE36999999990000010294
13521;10063;10.10.2025;6082,07;"Miete September; Konto DE75999999990000010063"
12590;10644;01.07.2025;3647,56;Rückzahlung an olaf.kettenbach@beispiel-firma.de
13192;10371;17.09.2025;1336,65;Lastschrift DE23999999990000010371
13983;10203;05.03.2025;1146,18;Rechnung 2024-8088, Rückfragen unter +49 49 45176517
14928;10770;12.03.2025;8268,35;Beitrag September – Kundennummer 10770
10987;10217;02.06.2025;3204,85;Lastschrift DE49999999990000010217
12912;10777;19.03.2025;1887,76;Gutschrift Vorgang 2288
14886;10385;28.02.2025;4570,53;Rechnung 2024-3785, Rückfragen unter 0439/539874-29
12716;10581;24.08.2025;793,89;Rechnung 2024-2365, Rückfragen unter 0551/809732-94
11393;10168;12.07.2025;-1797,67;Dauerauftrag März
15376;10161;17.02.2025;-1385,31;Rechnung 2024-8912, Rückfragen unter (065) 2231322
11190;10462;06.11.2025;-276,37;Gutschrift Vorgang 0827
15341;10140;13.01.2025;-2983,57;Gutschrift Vorgang 8563
11155;10693;07.07.2025;-2061,70;Gutschrift Vorgang 5600
14396;10805;11.11.2025;-2972,04;Gutschrift Vorgang 7687
11673;10112;26.07.2025;4106,48;Beitrag Oktober – Kundennummer 10112
11295;10098;07.02.2025;6013,39;Lastschrift DE20999999990000010098
12086;10700;27.09.2025;6510,36;Beitrag Mai – Kundennummer 10700
12058;10672;19.06.2025;7214,94;Überweisung an Frank Niederegger
11225;10434;17.06.2025;-902,47;Rückzahlung an peter.dettmer@beispiel-firma.de
15572;10105;17.02.2025;6645,08;Rechnung 2024-4394, Rückfragen unter +49 43 50888355
11652;10721;13.07.2025;6254,27;Beitrag Januar – Kundennummer 10721
15523;10532;22.01.2025;4636,51;"Miete Juni; Konto DE04999999990000010532"
15453;10763;05.08.2025;7617,17;Dauerauftrag November
11057;10791;07.03.2025;8629,08;Überweisung an Anja Reinsberg
10028;10238;25.03.2025;-653,83;Überweisung an Holger Baumgartner
13738;10714;10.05.2025;-2744,16;"Miete September; Konto DE06999999990000010714"
11750;10385;12.11.2025;8151,79;Dauerauftrag Mai
11309;10595;06.09.2025;-1912,17;Gutschrift Vorgang 6748
10987;10021;06.12.2025;2131,96;Überweisung an Monika Illigen
12758;10441;27.02.2025;4000,75;Dauerauftrag Januar
11008;10756;25.10.2025;5088,90;Gutschrift Vorgang 8749
15544;10693;12.05.2025;6879,45;Rückzahlung an doris.kettenbach@beispiel-firma.de
10287;10035;08.01.2025;1882,65;Rechnung 2024-9331, Rückfragen unter +49 86 76464505
11295;10784;27.01.2025;5266,53;Überweisung an Lars Zangerle
14074;10791;14.10.2025;1999,02;Überweisung an Anja Reinsberg
14494;10084;27.08.2025;4087,38;Lastschrift DE06999999990000010084
10371;10693;24.05.2025;5207,78;Überweisung an Doris Kettenbach
10875;10168;01.10.2025;-2126,23;Dauerauftrag Juni
10994;10665;16.01.2025;2256,94;Lastschrift DE47999999990000010665
12695;10742;24.01.2025;-163,80;Dauerauftrag August
15530;10210;12.08.2025;1616,32;Rechnung 2024-2270, Rückfragen unter +49 71 99059829
10581;10833;20.09.2025;7966,48;Gutschrift Vorgang 7932
12933;10749;15.06.2025;4279,58;"Miete Oktober; Konto DE41999999990000010749"
13143;10399;23.05.2025;8513,04;Beitrag September – Kundennummer 10399
13458;10420;09.07.2025;4558,89;Überweisung an Gerd Thelen
15383;10336;15.03.2025;487,25;Gutschrift Vorgang 9790
14697;10735;08.05.2025;8178,05;Gutschrift Vorgang 2160
11848;10399;07.07.2025;2939,80;Rechnung 2024-8885, Rückfragen unter 0232/307194-20
13080;10301;31.07.2025;1776,60;Dauerauftrag April
13325;10105;03.09.2025;4674,21;"Miete September; Konto DE27999999990000010105"
14333;10168;18.02.2025;4223,87;Dauerauftrag Juli
11582;10357;22.10.2025;-208,80;Rechnung 2024-4770, Rückfragen unter +49 71 10593165
14998;10749;25.04.2025;2719,29;Gutschrift Vorgang 6863
14669;10056;27.04.2025;415,09;Rechnung 2024-4844, Rückfragen unter (069) 4393053
15754;10329;15.04.2025;8463,61;Dauerauftrag Juli
14368;10175;28.03.2025;6350,57;Gutschrift Vorgang 7674
15530;10245;19.05.2025;-2646,02;Rückzahlung an gisela.niederegger@beispiel-firma.de
11323;10196;02.05.2025;8038,29;Rechnung 2024-9320, Rückfragen unter +49 68 77363452
11043;10560;30.08.2025;-456,22;Überweisung an Olaf Jahnke
12989;10413;14.02.2025;4638,70;Beitrag September – Kundennummer 10413
10098;10476;18.11.2025;-1524,57;Beitrag Juli – Kundennummer 10476
11638;10420;10.12.2025;-2469,41;Dauerauftrag Februar
13528;10637;01.03.2025;3138,52;Gutschrift Vorgang 5491
12499;10308;14.02.2025;764,11;Rückzahlung an olaf.zangerle@beispiel-firma.de
10098;10182;04.12.2025;8622,29;Beitrag Juni – Kundennummer 10182
15768;10476;20.10.2025;4822,08;Gutschrift Vorgang 7012
13199;10574;29.07.2025;866,79;"Miete Dezember; Konto DE46999999990000010574"
11575;10028;14.02.2025;5327,32;Dauerauftrag August
13619;10392;26.06.2025;5277,82;Dauerauftrag März
12555;10406;12.11.2025;17,79;Rechnung 2024-8757, Rückfragen unter +49 83 16172945
10623;10511;02.01.2025;-1095,04;Rechnung 2024-0721, Rückfragen unter (050) 7362061
13955;10805;02.10.2025;7688,38;"Miete August; Konto DE07999999990000010805"
15733;10616;14.09.2025;4496,42;Dauerauftrag März
15600;10154;19.07.2025;133,16;"Miete September; Konto DE76999999990000010154"
10140;10665;01.07.2025;1717,83;Überweisung an Jutta Baumgartner
15229;10084;16.06.2025;510,73;"Miete März; Konto DE06999999990000010084"
11323;10658;03.10.2025;-2265,67;Rückzahlung an dieter.muehlbauer@beispiel-firma.de
11876;10420;14.08.2025;-2188,83;Überweisung an Gerd Thelen
12940;10455;15.08.2025;7938,52;Dauerauftrag Februar
10861;10567;21.11.2025;-2164,06;Überweisung an Irene Zangerle
14830;10343;01.09.2025;1187,88;Überweisung an Gisela Pflüger
11071;10742;20.02.2025;5292,97;Rückzahlung an frank.jahnke@beispiel-firma.de
15299;10077;11.11.2025;6807,82;Rechnung 2024-5053, Rückfragen unter (033) 7834537
10049;10035;30.09.2025;5969,90;Beitrag Dezember – Kundennummer 10035
14193;10147;27.09.2025;5558,95;Gutschrift Vorgang 4992
13115;10784;08.05.2025;2130,20;Beitrag August – Kundennummer 10784
15789;10735;10.09.2025;-1202,78;Beitrag November – Kundennummer 10735
11134;10350;14.03.2025;3224,80;Dauerauftrag Januar
13395;10812;15.12.2025;5211,43;Beitrag September – Kundennummer 10812
10098;10042;21.07.2025;4564,95;Überweisung an Bernd Vollmering
11827;10672;08.07.2025;-2375,35;Lastschrift DE54999999990000010672
11337;10224;17.07.2025;-1661,63;Rückzahlung an peter.cordes@beispiel-firma.de
14585;10567;17.01.2025;2279,04;Beitrag November – Kundennummer 10567
12877;10532;11.10.2025;317,64;Beitrag November – Kundennummer 10532
13983;10014;25.02.2025;2190,27;Dauerauftrag Dezember
11330;10175;10.09.2025;-583,81;Lastschrift DE07999999990000010175
15726;10665;26.12.2025;7784,71;Dauerauftrag September
10091;10630;21.10.2025;4907,78;Gutschrift Vorgang 0629
14487;10693;02.03.2025;5960,67;Rechnung 2024-3405, Rückfragen unter (047) 7545151
12100;10322;15.05.2025;-2683,75;Überweisung an Norbert Hasselbach
10602;10455;31.05.2025;4438,48;Dauerauftrag Oktober
15313;10182;28.12.2025;8825,60;Gutschrift Vorgang 4368
13864;10574;14.11.2025;1760,50;Überweisung an Elias Quandtner
13808;10021;06.04.2025;-142,43;Rechnung 2024-6574, Rückfragen unter (050) 8781818
15040;10399;30.11.2025;7794,40;Rückzahlung an elke.hasselbach@beispiel-firma.de
11694;10126;05.03.2025;-811,92;Lastschrift DE48999999990000010126
13829;10035;15.01.2025;7231,16;"Miete Juli; Konto DE47999999990000010035"
15187;10518;10.04.2025;7508,39;Lastschrift DE80999999990000010518
10434;10567;21.02.2025;-368,39;Lastschrift DE39999999990000010567
13437;10672;30.05.2025;-1458,26;Rechnung 2024-2101, Rückfragen unter +49 63 43283493
15502;10588;28.04.2025;-864,26;Gutschrift Vorgang 3860
13521;10616;28.05.2025;8582,83;Lastschrift DE88999999990000010616
15397;10504;05.05.2025;3655,09;"Miete August; Konto DE66999999990000010504"
10420;10581;24.12.2025;933,63;Lastschrift DE53999999990000010581
15642;10259;02.01.2025;6316,29;Rückzahlung an lena.obermeier@beispiel-firma.de
10399;10098;23.03.2025;4052,02;Rückzahlung an gerd.hasselbach@beispiel-firma.de
10504;10245;10.10.2025;6964,39;Rechnung 2024-6123, Rückfragen unter (032) 2426138
13955;10343;04.10.2025;-1369,83;Rückzahlung an gisela.pflueger@beispiel-firma.de
13423;10035;07.02.2025;962,84;Rückzahlung an anja.gruenwald@beispiel-firma.de
14291;10343;13.02.2025;2040,56;"Miete November; Konto DE85999999990000010343"
13213;10245;21.10.2025;-102,80;Rechnung 2024-5821, Rückfragen unter (032) 2426138
15369;10336;01.04.2025;5517,64;Rückzahlung an ingo.zangerle@beispiel-firma.de
13920;10049;02.09.2025;3166,68;Lastschrift DE61999999990000010049
10308;10364;30.03.2025;7017,41;Dauerauftrag Juli
12513;10784;24.09.2025;2354,76;"Miete Dezember; Konto DE76999999990000010784"
13948;10147;26.01.2025;7130,10;Rückzahlung an renate.achterberg@beispiel-firma.de
11694;10525;05.07.2025;5262,67;Rechnung 2024-2452, Rückfragen unter 0459/639653-35
14158;10070;05.04.2025;7387,68;"Miete November; Konto DE82999999990000010070"
11568;10630;05.12.2025;5382,49;Dauerauftrag September
12814;10770;11.06.2025;7223,75;Rückzahlung an gerd.reinsberg@beispiel-firma.de
14557;10203;19.12.2025;8387,67;Dauerauftrag November
11442;10007;19.01.2025;-920,20;Rechnung 2024-6401, Rückfragen unter 0702/817879-16
11344;10574;08.11.2025;-917,64;Gutschrift Vorgang 1731
12912;10315;21.09.2025;5743,01;Lastschrift DE57999999990000010315
10119;10224;06.10.2025;5851,03;Dauerauftrag Januar
12905;10483;19.07.2025;-1506,64;Rückzahlung an petra.lindhorst@beispiel-firma.de
11960;10287;05.10.2025;3784,57;Dauerauftrag Juni
13038;10315;14.10.2025;7756,91;Lastschrift DE57999999990000010315
12373;10294;13.08.2025;233,30;Gutschrift Vorgang 4784
15089;10700;14.12.2025;8875,77;"Miete Dezember; Konto DE82999999990000010700"
15579;10798;11.03.2025;8553,01;Gutschrift Vorgang 8792
10091;10028;23.04.2025;8130,85;"Miete Juni; Konto DE40999999990000010028"
10560;10546;15.05.2025;843,63;Dauerauftrag Februar
14984;10462;15.02.2025;6594,27;Dauerauftrag Dezember
13395;10231;01.04.2025;7312,51;Überweisung an Franziska Achterberg
14095;10441;31.05.2025;1937,76;Rechnung 2024-4075, Rückfragen unter 0399/663469-55
13864;10238;23.09.2025;1513,10;Rückzahlung an holger.baumgartner@beispiel-firma.de
14361;10616;20.11.2025;-2385,06;Rückzahlung an ingo.pflueger@beispiel-firma.de
15124;10644;11.12.2025;3576,22;Rückzahlung an olaf.kettenbach@beispiel-firma.de
10966;10042;23.02.2025;5692,93;Beitrag Januar – Kundennummer 10042
15607;10644;20.04.2025;8987,87;Dauerauftrag Februar
15082;10077;14.05.2025;4742,23;Überweisung an Renate Thelen
11575;10105;08.05.2025;2706,30;Gutschrift Vorgang 7009
13934;10189;26.01.2025;-2956,10;Dauerauftrag November
14277;10525;07.08.2025;8083,15;Überweisung an Anja Baumgartner
14655;10406;29.03.2025;4334,67;Dauerauftrag März
10679;10497;26.05.2025;8051,56;Dauerauftrag März
10840;10763;26.12.2025;638,61;Überweisung an Doris Wachsmuth
10252;10462;25.10.2025;-2064,48;Beitrag Dezember – Kundennummer 10462
15719;10175;17.04.2025;1490,45;Rückzahlung an franziska.fassbender@beispiel-firma.de
11358;10294;17.10.2025;8390,54;Gutschrift Vorgang 0535
10553;10147;17.11.2025;-2040,17;Rückzahlung an renate.achterberg@beispiel-firma.de
13115;10784;19.02.2025;-979,87;Lastschrift DE76999999990000010784
14165;10462;03.08.2025;1426,27;Überweisung an Olaf Baumgartner
14242;10693;24.08.2025;8932,84;Rechnung 2024-1416, Rückfragen unter (047) 7545151
12016;10672;19.05.2025;-202,04;Rechnung 2024-1664, Rückfragen unter +49 63 43283493
12093;10588;26.05.2025;8275,27;Gutschrift Vorgang 1587
15530;10756;03.12.2025;3325,98;Überweisung an Andreas Niederegger
11848;10203;01.01.2025;-1955,29;Gutschrift Vorgang 1537
14634;10483;18.07.2025;-1140,48;Gutschrift Vorgang 3638
14998;10805;17.02.2025;-2131,21;"Miete Juni; Konto DE07999999990000010805"
15096;10665;14.10.2025;-1565,35;Überweisung an Jutta Baumgartner
12744;10714;21.04.2025;6766,77;Rückzahlung an dieter.fassbender@beispiel-firma.de
14473;10819;13.11.2025;-2440,76;Lastschrift DE21999999990000010819
10483;10791;10.01.2025;7390,76;Beitrag Oktober – Kundennummer 10791
15110;10399;08.12.2025;136,49;Überweisung an Elke Hasselbach
13759;10742;01.11.2025;1173,45;Gutschrift Vorgang 3938
11316;10175;18.03.2025;-1473,24;Rechnung 2024-5336, Rückfragen unter +49 80 61735194
13507;10805;07.01.2025;7486,02;Rückzahlung an heike.kettenbach@beispiel-firma.de
11218;10819;20.09.2025;2344,47;Dauerauftrag August
10742;10770;10.02.2025;-1636,88;Beitrag Mai – Kundennummer 10770
13801;10000;03.08.2025;545,86;Beitrag Februar – Kundennummer 10000
15572;10546;04.03.2025;7149,10;Dauerauftrag September
13794;10448;22.01.2025;-2249,29;Gutschrift Vorgang 7998
11470;10378;22.01.2025;4833,01;Beitrag August – Kundennummer 10378
11239;10105;24.01.2025;3444,74;"Miete Januar; Konto DE27999999990000010105"
10917;10147;19.11.2025;7639,73;Rückzahlung an renate.achterberg@beispiel-firma.de
11155;10000;18.04.2025;3938,98;Rechnung 2024-7030, Rückfragen unter (079) 5540670
14123;10133;22.07.2025;5693,13;Beitrag März – Kundennummer 10133
13500;10658;01.10.2025;-1980,33;Lastschrift DE40999999990000010658
11645;10210;12.05.2025;3374,29;Dauerauftrag April
12457;10784;04.06.2025;3335,53;Rechnung 2024-7312, Rückfragen unter 0727/477993-39
14725;10140;24.04.2025;-525,43;Gutschrift Vorgang 7354
11386;10238;01.11.2025;-1076,61;"Miete Juli; Konto DE70999999990000010238"
14060;10427;04.08.2025;1748,25;Beitrag August – Kundennummer 10427
15026;10560;25.06.2025;3777,27;Lastschrift DE32999999990000010560
10329;10063;18.04.2025;6577,54;Dauerauftrag September
15075;10343;18.11.2025;-76,19;Dauerauftrag August
14998;10686;25.12.2025;8654,76;Lastschrift DE68999999990000010686
13647;10784;14.10.2025;6471,87;Rückzahlung an lars.zangerle@beispiel-firma.de
13381;10686;03.07.2025;2589,99;Lastschrift DE68999999990000010686
13752;10028;06.07.2025;8161,99;Beitrag Oktober – Kundennummer 10028
11673;10616;11.11.2025;-1984,38;Gutschrift Vorgang 0600
12821;10301;09.03.2025;-2582,30;Dauerauftrag August
10924;10623;19.03.2025;4768,90;Rückzahlung an nadine.wachsmuth@beispiel-firma.de
12912;10406;10.11.2025;2372,73;Gutschrift Vorgang 9708
15719;10413;03.08.2025;6968,36;Gutschrift Vorgang 0227
13794;10602;05.10.2025;-2722,58;Lastschrift DE74999999990000010602
12114;10476;13.07.2025;-102,43;Beitrag September – Kundennummer 10476
13577;10119;26.10.2025;-2053,17;Lastschrift DE41999999990000010119
13185;10392;26.11.2025;3191,63;Lastschrift DE44999999990000010392
13192;10770;24.12.2025;2448,81;Rechnung 2024-6654, Rückfragen unter +49 45 67080005
12646;10812;21.04.2025;-258,26;Lastschrift DE14999999990000010812
15138;10539;15.09.2025;-1719,02;Rückzahlung an elke.achterberg@beispiel-firma.de
14984;10231;09.05.2025;6668,75;Gutschrift Vorgang 4970
15110;10490;28.07.2025;-1401,55;Lastschrift DE52999999990000010490
15775;10189;04.10.2025;4055,48;Dauerauftrag Dezember
14298;10588;26.01.2025;-443,88;Lastschrift DE60999999990000010588
11946;10322;26.02.2025;-2033,94;Dauerauftrag Januar
12030;10476;04.09.2025;7641,28;Rechnung 2024-0034, Rückfragen unter +49 36 29804010
15124;10623;06.03.2025;3354,61;"Miete Mai; Konto DE05999999990000010623"
12506;10343;15.05.2025;1181,87;Rechnung 2024-5863, Rückfragen unter (037) 3085170
14130;10154;08.11.2025;5457,43;Rechnung 2024-3137, Rückfragen unter 0768/847736-82
15369;10154;27.03.2025;2447,21;Gutschrift Vorgang 9589
15481;10476;07.09.2025;-824,29;"Miete Februar; Konto DE38999999990000010476"
11589;10203;15.08.2025;381,56;Überweisung an Irene Niederegger
14753;10266;13.09.2025;6622,29;Beitrag Mai – Kundennummer 10266
10637;10462;11.12.2025;7597,32;Rechnung 2024-8949, Rückfragen unter (044) 9889868
12429;10007;12.01.2025;6699,98;"Miete November; Konto DE19999999990000010007"
13675;10455;12.07.2025;470,55;Gutschrift Vorgang 1488
10455;10147;17.06.2025;223,17;Gutschrift Vorgang 3698
12667;10147;02.04.2025;-2240,62;Rechnung 2024-3293, Rückfragen unter +49 48 7967322
13682;10455;23.01.2025;808,37;Beitrag September – Kundennummer 10455
13066;10308;04.08.2025;-2108,91;Rückzahlung an olaf.zangerle@beispiel-firma.de
12436;10749;14.08.2025;-589,79;Rückzahlung an anja.dettmer@beispiel-firma.de
10973;10700;20.11.2025;7047,74;Rechnung 2024-9489, Rückfragen unter +49 68 37789569
10819;10350;12.09.2025;-1009,22;Gutschrift Vorgang 2295
15649;10707;12.06.2025;2806,43;Beitrag Juni – Kundennummer 10707
10595;10196;27.10.2025;3837,99;"Miete Oktober; Konto DE28999999990000010196"
13192;10658;08.01.2025;-2086,75;Rückzahlung an dieter.muehlbauer@beispiel-firma.de
13675;10833;15.12.2025;3828,77;Gutschrift Vorgang 3759
15054;10805;12.03.2025;1180,51;Rechnung 2024-8514, Rückfragen unter (050) 3975423
15530;10371;13.06.2025;-2243,78;Überweisung an Birgit Steinkamp
12317;10581;31.05.2025;-2865,66;Überweisung an Jutta Quandtner
14165;10266;09.06.2025;1451,39;Dauerauftrag März
15341;10063;25.06.2025;-2602,21;Lastschrift DE75999999990000010063
10119;10084;06.12.2025;-2207,27;Überweisung an Christoph Wachsmuth
14193;10434;07.12.2025;2462,09;Beitrag September – Kundennummer 10434
13213;10070;10.01.2025;1967,93;Lastschrift DE82999999990000010070
14151;10602;14.06.2025;6285,16;Überweisung an Frank Reinsberg
13941;10644;10.01.2025;5983,76;Dauerauftrag Mai
13325;10742;10.08.2025;-2215,94;Lastschrift DE34999999990000010742
12821;10791;26.12.2025;379,48;Gutschrift Vorgang 3821
12765;10770;28.06.2025;3058,59;Rechnung 2024-1947, Rückfragen unter +49 45 67080005
11477;10497;22.05.2025;-2998,89;Lastschrift DE59999999990000010497
15166;10140;15.04.2025;4184,70;Dauerauftrag Mai
12982;10560;10.10.2025;4402,84;Rechnung 2024-5777, Rückfragen unter 0200/206437-60
14277;10175;11.03.2025;7280,08;Dauerauftrag Juli
15320;10140;16.07.2025;5181,77;"Miete Januar; Konto DE62999999990000010140"
14368;10560;30.07.2025;810,02;"Miete Mai; Konto DE32999999990000010560"
13787;10161;25.03.2025;4185,77;Lastschrift DE83999999990000010161
10126;10105;22.03.2025;627,33;Überweisung an Lena Kettenbach
14403;10364;18.11.2025;-1886,26;Rechnung 2024-9698, Rückfragen unter +49 37 95474822
11883;10798;20.05.2025;5106,73;Dauerauftrag Juni
15775;10301;02.11.2025;-1669,34;Gutschrift Vorgang 8830
12576;10280;05.01.2025;-906,11;Rückzahlung an peter.pflueger@beispiel-firma.de
14501;10364;16.11.2025;8636,17;Beitrag Mai – Kundennummer 10364
13682;10336;08.12.2025;1,79;Überweisung an Ingo Zangerle
11078;10679;12.04.2025;-907,22;"Miete August; Konto DE61999999990000010679"
11869;10014;11.11.2025;5461,25;Überweisung an Peter Illigen
11708;10301;25.10.2025;-1974,92;Gutschrift Vorgang 6634
13409;10378;20.08.2025;6607,72;Rechnung 2024-3335, Rückfragen unter (061) 3743664
10819;10112;15.01.2025;3327,85;Rückzahlung an peter.quandtner@beispiel-firma.de
10189;10021;29.11.2025;-1629,81;Lastschrift DE33999999990000010021
14627;10042;06.12.2025;-935,13;Beitrag März – Kundennummer 10042
11925;10385;20.06.2025;1524,24;Rückzahlung an claudia.illigen@beispiel-firma.de
